"original_order","entered_by","fishery_id","umbrella_organization","number_of_species","target_species","complete_name","fb_k_1_yr","fbk_category","fb_loo_cm","fb_habitat","fb_migration","fb_price","fb_price_quality","fb_environment","fb_trophic","fish_type","habitat","habitat_2","fished_habitat","diet","species_growth","adult_movement","discrete_movement","migratory","forms_aggregations","consistent_spawning_location","a_in_fishery","msc_certification","stock_assessment","recorded_fishery_closure","year","spawning_season","larval_dispersal_potential","known_spatial_structure","host_country","population","population_growth_rate","gdp_2009_us","gdp_from_fishing_us","percent_of_gdp_from_fishing","fishery_subsidies_prominent","subsidy_as_a_percent_of_landed_value","poverty_index","human_development_index","polity","institutional_stability","rule_of_law","contract_enforcement_rank","corruption","catch_shares","catch_share_types","itq","ivq","ieq","iq","turf","coop","open_access","limited_entry","tac","effort_limit","trip_limit","size_limit","season","gear","mpa","sex","species_value","unit_of_value","composite_price","gear_type","gear_type_short","use_of_catch","short_catch_use","species_value_fluctuations","geographic_range_of_fishing_acti","range_spatially_defined","short_range","home_port","processed","cooperative_present","nested_fishery","programs_for_coop_formation","marketing","profit_sharing","cooperative_administration","coharvest","cooperative_tac","cooperative_gear_restrictions","cooperative_size_limit","gear_sharing","direct_enforcement","codified_penalties","temporal_no_take","spatial_no_take","restocking","habitat_restoration","gear_shift","by_catch_avoidance","research_support","information_sharing","coop_behaviors","coop_form_date","vessels_coop","short_vessels","participants_coop","short_participants","landings_coop","landing_units","short_landings","fishing_season_coop","ecosystem_engineering","reporting","spatial","quota","temporal","gear0","gov_ambivalent","gov_undermining","gov_supportive","degree_of_comanagement","transfer_rights","services_provided","legal_protection_standing","enforcement","support_of_voluntary_regs","financial_services","information_support","conditions_for_cooperative_exist","sunset_clause","oecd","oneper"
1,"na",1,FALSE,NA,"jacks","Carangidae spp","na","na","na","na","na","na","na","na","na","finfish - reef","coral reef","reef-associated","coral reef","carnivore","medium","10-100","100","na","0","na","na",FALSE,"0","na","na","na","na","0","philippines","101833938","1.9",1.89e+11,"2090320980","0.011054051","0","0.311910187","0.067","0.638","8",-1.41722644,-0.531200829,"118","2.4",TRUE,"turf","0","0","0",FALSE,TRUE,FALSE,"0","0","0","0","0","0","0","1","1","0","na","na","na","artisanal","artisanal","local market","local market","na","1.06 km2","1",TRUE,"apo island","0",TRUE,"0","na","0","0","1","na","0","1","na","na","1","na","0","1","na","na","1","0","1","na",6,"1982","na","na","100","100","na","na","na","na","na","na",2,"0",0,"0","0","0","1","na","0","1","1","na","1","na","1","0","0",FALSE,TRUE
2,"na",1,FALSE,NA,"bignose unicornfish","Naso vlamingii","0.263999999","medium","60","reef-associated","0","medium","very questionable: based on ex-vessel price for species in this family","tropical","0","finfish - reef","coral reef","reef-associated","coral reef","omnivore","medium","1-10","10","na","1","1","na",FALSE,"0","na","na","0","90","0","philippines","101833938","1.9",1.89e+11,"2090320980","0.011054051","0","0.311910187","0.067","0.638","8",-1.41722644,-0.531200829,"118","2.4",TRUE,"turf","0","0","0",FALSE,TRUE,FALSE,"0","0","0","0","0","0","0","1","1","0","medium","na","medium","hook and line","hook and line","local market","local market","na","1.06 km2","1",TRUE,"apo island","na",TRUE,"0","na","0","0","1","na","0","1","na","na","1","na","0","1","na","na","1","0","1","na",6,"1982","na","na","100","100","na","na","na","na","na","na",2,"0",0,"0","0","0","1","na","0","1","1","na","1","na","1","0","0",FALSE,FALSE
3,"na",2,FALSE,1,"new zealand southern scallop","Pecten novaezelandiae","na","na","na","na","na","na","na","na","na","molluscs","subtidal soft bottom","subtidal soft bottom","na","filter feeder","medium","0","0","0","1","0","na",FALSE,"1","1","1981","1","jun-70","1","new zealand","4290347","0.88",1.38e+11,"1018560844","0.007380876","0","0","na","0.907","10",0.991906163,1.90990862,"9","9.4",TRUE,"itq, qms","1","0","0",FALSE,TRUE,FALSE,"0","1","1","0","1","1","1","1","na","0","13.47","nz$/kg","low","dredge","dredge","export","export","na","9,631 km2","1",TRUE,"na","0",TRUE,"0","0","1","1","1","1","1","0","0","0","1","1","1","1","1","0","0","0","1","1",10,"1994","31","31","na","na","65","tonnes biomass","65","0","0","2",1,"1",0,"0","0","0","1","na","1","1","1","1","1","1","0","1","0",TRUE,TRUE
4,"na",3,FALSE,5,"red crab","Chaceon bicolor","na","na","na","na","na","na","na","na","na","crustaceans","soft slope (200-2000m)","soft slope","na","na","na","1-10","10","na","na","na","na",FALSE,"0","0","na","0","na","na","new zealand","4290347","0.88",1.38e+11,"1018560844","0.007380876","0","0","na","0.907","10",0.991906163,1.90990862,"9","9.4",TRUE,"itq, qms","1","0","0",FALSE,FALSE,FALSE,"0","1","1","0","0","na","1","1","0","0","na","na","na","trap","trap","export","export","0","large","0",FALSE,"na","na",TRUE,"0","na","1","1","1","1","0","1","0","1","0","0","0","0","0","0","0","1","1","1",7,"2007","na","na","na","na","na","na","na","0","0","1",0,"1",0,"0","0","0","1","na","1","1","1","na","na","0","1","0","0",TRUE,TRUE
5,"na",3,FALSE,5,"spider crab","Jacquinotia edwardsii","na","na","na","na","na","na","na","na","na","crustaceans","intertidal/soft shelf (30-200m)","na","na","invertivore","na","1-10","10","1","1","na","na",FALSE,"0","0","na","1","na","na","new zealand","4290347","0.88",1.38e+11,"1018560844","0.007380876","0","0","na","0.907","10",0.991906163,1.90990862,"9","9.4",TRUE,"itq, qms","1","0","0",FALSE,FALSE,FALSE,"0","1","1","0","0","na","1","1","0","0","na","na","na","trap","trap","export","export","na","large","0",FALSE,"na","na",TRUE,"0","na","1","1","1","1","0","1","0","1","0","0","0","0","0","0","0","1","1","1",7,"2007","na","na","na","na","29.592","tonnes biomass","29.592","0","0","1",0,"1",0,"0","0","0","1","na","1","1","1","na","na","0","1","0","0",TRUE,FALSE
6,"na",3,FALSE,5,"king crab","Lithodes murrayi","na","na","na","na","na","na","na","na","na","crustaceans","soft shelf (30-200m)","na","na","omnivore","na","1-10","10","1","1","na","na",FALSE,"0","0","na","1","na","na","new zealand","4290347","0.88",1.38e+11,"1018560844","0.007380876","0","0","na","0.907","10",0.991906163,1.90990862,"9","9.4",TRUE,"itq, qms","1","0","0",FALSE,FALSE,FALSE,"0","1","1","0","0","na","1","1","0","0","na","na","na","trap","trap","export","export","na","large","0",FALSE,"na","0",TRUE,"0","na","1","1","1","1","0","1","0","1","0","0","0","0","0","0","0","1","1","1",7,"2007","na","na","na","na","0.538333333","tonnes biomass","0.538333333","0","0","1",0,"1",0,"0","0","0","1","na","1","1","1","na","na","0","1","0","0",TRUE,FALSE
7,"na",3,FALSE,5,"king crab","Neolithodes brodiei","na","na","na","na","na","na","na","na","na","crustaceans","soft slope (200-2000m)","na","na","omnivore","na","1-10","10","1","1","na","na",FALSE,"0","0","na","1","na","na","new zealand","4290347","0.88",1.38e+11,"1018560844","0.007380876","0","0","na","0.907","10",0.991906163,1.90990862,"9","9.4",TRUE,"itq, qms","1","0","0",FALSE,FALSE,FALSE,"0","1","1","0","0","na","1","1","0","0","na","na","na","trap","trap","export","export","na","large","0",FALSE,"na","0",TRUE,"0","na","1","1","1","1","0","1","0","1","0","0","0","0","0","0","0","1","1","1",7,"2007","na","na","na","na","0.538333333","tonnes biomass","0.538333333","0","0","1",0,"1",0,"0","0","0","1","na","1","1","1","na","na","0","1","0","0",TRUE,FALSE
9,"na",5,FALSE,15,"surmullet","Mullus surmuletus","0.49000001","medium","40","demersal","oceanodromous","very high","reliable: based on ex-vessel price for this species","subtropical","3.42","finfish-benthic","benthic hard and soft bottom, 5-400 m","na","na","carnivore","medium","10-100","100","1","na","na","na",FALSE,"na","na","na","1","na","0","turkey","78785548","1.24",7.29e+11,"1002618406","0.001375145","0","0.07283879","0.039","0.679","7",-0.882407689,0.121870318,"25","4.4",FALSE,"na","0","0","0",FALSE,FALSE,FALSE,"1","0","0","0","0","0","0","0","0","0","high","na","high","gillnet/entangling net/long-line","gillnet","local market","local market","na","central aegean coast of turkey, in vicinity of port of foca port","0",FALSE,"foca, turkey","0",TRUE,"1","0","0","0","1","na","0","0","0","1","1","1","0","0","0","0","0","0","0","0",1,"1992","na","na","126","126","na","na","na","na","0","0",0,"0",0,"0","0","0","1","na","0","0","0","1","na","1","0","0","0",TRUE,TRUE
10,"na",5,FALSE,15,"porgy","Pagrus pagrus","0.136999995","low","91","benthopelagic","oceanodromous","very high","reliable: based on ex-vessel price for this species","subtropical","3.65","finfish-benthic","hard bottom (0-250m)","na","na","carnivore","medium","1-10","10","0","0","0","na",FALSE,"na","na","na","1","23-32","0","turkey","78785548","1.24",7.29e+11,"1002618406","0.001375145","0","0.07283879","0.039","0.679","7",-0.882407689,0.121870318,"25","4.4",FALSE,"na","0","0","0",FALSE,FALSE,FALSE,"1","0","0","0","0","0","0","0","0","0","very high","na","high","gillnet/entangling net/long-line","gillnet","local market","local market","na","central aegean coast of turkey, in vicinity of port of foca port","0",FALSE,"foca, turkey","0",TRUE,"1","0","0","0","1","0","0","0","0","1","1","1","0","0","0","0","0","0","0","0",4,"1992","na","na","126","126","na","na","na","na","0","0",0,"0",0,"0","0","0","1","na","0","0","0","1","na","1","0","0","0",TRUE,FALSE
11,"na",6,FALSE,NA,"cod georges bank","Gadus morhua","0.090000004","low","200","benthopelagic","oceanodromous","medium","reliable: based on ex-vessel price for this species","temperate","3.73","finfish-benthic","hard shelf","na","hard shelf","carnivore","high","100-1000","1000","1","1","0","na",FALSE,"1","1","1995","1","100","0","united states","313232044","0.96",1.46e+13,"5757808667","0.000393831","0","0.026857001","na","0.902","10",0.40989339,1.525049029,"8","7.5",TRUE,"itq, iteq, iq, cq, cfq, turf, coop","0","0","1",FALSE,FALSE,TRUE,"0","na","1","1","0","1","1","1","1","0","medium","na","medium","hook and line","hook and line","na","na","na","large region along the georges bank, new england. see source for map.","0",FALSE,"na","na",TRUE,"1","1","0","0","1","0","0","1","0","0","1","1","0","0","0","0","1","1","1","1",4,"2004","19","19","58","58","27","tonnes biomass","27","01-dic","0","1",1,"1",1,"0","0","0","1","na","1","1","1","na","0","0","1","1","0",TRUE,TRUE
12,"na",7,FALSE,9,"brown mussel","Modiolus metcalfei","na","na","na","na","na","na","na","na","na","molluscs","mangrove","na","mangrove","filter feeder","medium","0","0","0","1","0","na",FALSE,"0","na","na","0","na","0","philippines","101833938","1.9",1.89e+11,"2090320980","0.011054051","0","0.311910187","0.067","0.638","8",-1.41722644,-0.531200829,"118","2.4",FALSE,"turf","0","0","0",FALSE,FALSE,FALSE,"1","1","0","na","0","0","0","1","1","0","na","na","na","hand","hand","na","na","na","small","0",FALSE,"dulangan","0",TRUE,"0","na","1","na","1","0","na","1","na","0","1","1","1","0","0","0","0","0","0","1",7,"1993","na","na","23","23","na","na","na","na","na","na",0,"0",0,"0","1","0","0","na","0","0","na","0","na","0","0","0","na",FALSE,TRUE
13,"na",7,FALSE,9,"rabbitfish","Siganus corallinus","na","na","35","reef-associated","0","high","questionable: based on ex-vessel price for species in this genus","tropical","2","finfish - reef","coral reef","na","coral reef","herbivore","high","1-10","10","0","0","0","na",FALSE,"0","na","na","na","na","0","philippines","101833938","1.9",1.89e+11,"2090320980","0.011054051","0","0.311910187","0.067","0.638","8",-1.41722644,-0.531200829,"118","2.4",FALSE,"turf","0","0","0",FALSE,FALSE,FALSE,"1","1","0","na","0","0","0","1","1","0","high","na","high","trap","trap","na","na","na","small","0",FALSE,"dulangan","0",TRUE,"0","na","1","na","1","na","na","1","na","0","1","1","1","0","0","0","0","0","0","1",5,"1993","na","na","23","23","na","na","na","na","na","na",0,"0",0,"0","1","0","0","na","0","0","na","0","na","0","0","0","na",FALSE,FALSE
14,"na",8,FALSE,1,"northern shrimp","Pandalus borealis","na","na","na","na","na","na","na","na","na","crustaceans","soft shelf/soft slope","na","fjord; soft shelf/soft slope","filter feeder","medium","1-10","10","0","na","0","na",FALSE,"na","0","na","1","60","0","sweden","9088728","0.16",4.45e+11,"197820976.3","0.000444941","0","0.123199539","na","0.885","10",1.10030043,1.927146127,"51","9.2",TRUE,"ivq, turf, iq","0","0","0",FALSE,TRUE,FALSE,"0","1","0","1","0","0","0","1","1","0","12","$/kg","medium","trawl","trawl","na","na","na","gullmar fjord, in the south western coast of sweden","1",TRUE,"na","1",TRUE,"0","na","1","0","0","na","0","1","1","0","0","0","0","0","0","0","1","na","1","1",5,"2004","6","6","na","na","9","tonnes biomass","9","0","0","1",1,"0",0,"0","0","0","1","na","1","1","1","1","0","na","na","1","0",TRUE,TRUE
15,"na",9,TRUE,NA,"penaeid shrimp","Penaues indicus","na","na","na","na","na","na","na","na","na","crustaceans","shallow soft bottom","na","lagoon/coastal wetland","planktivore","high","1-10","10","1","na","na","0",FALSE,"1","0","na","0","09-dic","na","sri lanka","21283913","0.93",4.824e+10,"424864901.5","0.008807316","0","0.025177647","0.021","0.658","6",-1.328276942,-0.074976101,"136","3.1",TRUE,"na","0","0","0",FALSE,TRUE,FALSE,"0","1","na","na","na","na","0","na","na","na","83","rs$/kg","low","seine","seine","na","na","1","mouth of negombo lagoon, sri lanka","1",TRUE,NA,"na",TRUE,"1","na","0","1","0","1","0","0","0","0","0","0","0","0","0","0","0","0","0","1",5,NA,"na","na","299","299","174","tonnes biomass","174","0","0","na",1,"0",0,"1","0","0","1","na","0","1","1","1","1","1","na","0","0",FALSE,TRUE
16,"na",10,TRUE,1,"walleye pollock","Theragra chalcogramma","na","na","91","benthopelagic","non-migratory","low","reliable: based on ex-vessel price for this species","polar","3.45","finfish-benthic","soft slope (200-2000m)","na","na","carnivore","medium","100-1000","100","1","1","1","1",FALSE,"1","1","1953","1","long distance","0","japan","126475664","-0.28",5.39e+12,"16775389752","0.00311174","0","0.0848478","na","0.884","10",0.95398267,1.314984781,"19","7.7",TRUE,"turf","0","0","0",FALSE,TRUE,TRUE,"0","1","1","0","0","1","1","na","0","0","low","na","low","long-line","long-line","local market/export","local market/export","1","up to about 20km from shore along the nishi region of hokkaido","0",FALSE,"kumaishi, toyohama, otobe","0",TRUE,"1","na","1","1","1","1","0","1","0","0","1","1","1","1","0","0","0","0","1","1",2,NA,"51","51","na","na","79.4","tonnes biomass","79.4","11-feb","0","0",1,"1",0,"0","0","0","1","na","0","1","1","na","na","na","1","0","0",TRUE,TRUE
17,"na",11,FALSE,15,"anchovies","Stolephorus heterolobus","na","na","na","na","na","na","na","na","na","finfish - pelagic","coral reef/costal waters","na","coral reef/costal waters","planktivore","high","10-100","100","1","1","na","na",FALSE,"0","na","na","0","na","0","philippines","101833938","1.9",1.89e+11,"2090320980","0.011054051","0","0.311910187","0.067","0.638","8",-1.41722644,-0.531200829,"118","2.4",TRUE,"turf","0","0","0",FALSE,TRUE,FALSE,"1","1","0","na","0","0","0","1","na","0","medium","na","medium","gillnet/entangling net","gillnet","na","na","na","olotayan island, roxas city, capiz, philippines","1",TRUE,"olotayan island","na",TRUE,"0","na","1","na","1","1","0","1","0","1","1","0","1","0","0","0","1","0","0","1",9,"1995","na","na","26","26","na","na","na","na","na","na",1,"0",0,"0","0","0","1","na","na","1","1","1","na","1","1","na","na",FALSE,TRUE
18,"na",11,FALSE,15,"big eye tuna","Thunnus obesus","na","na","250","pelagic-oceanic","oceanodromous","very high","reliable: based on ex-vessel price for this species","subtropical","4.49","finfish - pelagic","deep water","na","deep water","carnivore","medium",">1000","2000","1","1","0","na",FALSE,"1","0","na","0","na","0","philippines","101833938","1.9",1.89e+11,"2090320980","0.011054051","0","0.311910187","0.067","0.638","8",-1.41722644,-0.531200829,"118","2.4",TRUE,"turf","0","0","0",FALSE,TRUE,FALSE,"1","1","0","na","0","0","0","1","na","0","very high","na","high","hook and line","hook and line","na","na","na","olotayan island, roxas city, capiz, philippines","1",TRUE,"olotayan island","na",TRUE,"0","na","1","na","1","na","0","1","0","1","1","0","1","0","0","0","1","0","0","1",6,"1995","na","na","26","26","na","na","na","na","na","na",1,"0",0,"0","0","0","1","na","na","1","1","1","na","1","1","na","na",FALSE,FALSE
19,"na",12,FALSE,2,"paua","Haliotis iris","na","na","na","na","na","na","na","na","na","molluscs","rocky reef","na","na","herbivore","medium","0","0","0","1","0","na",FALSE,"1","0","na","0","9","1","new zealand","4290347","0.88",1.38e+11,"1018560844","0.007380876","0","0","na","0.907","10",0.991906163,1.90990862,"9","9.4",TRUE,"na","1","0","0",FALSE,FALSE,FALSE,"0","1","1","0","0","1","na","0","na","0","33.15","nz$/kg","high","dive","dive","export","export","1","large","0",FALSE,"na","0",TRUE,"0","na","0","0","1","na","1","0","1","0","1","0","1","1","1","0","0","0","1","1",6,"na","na","na","na","na","945","tonnes biomass","945","0","0","1",0,"1",0,"0","0","0","1","na","1","1","1","1","na","0","1","0","0",TRUE,TRUE
20,"na",13,FALSE,1,"sakuraebi","Sergia lucens","na","na","na","na","na","na","na","na","na","crustaceans","deep water","na","na","planktivore","high","1-10","10","1","1","1","1",FALSE,"0","0","na","1","long distance","0","japan","126475664","-0.28",5.39e+12,"16775389752","0.00311174","0","0.0848478","na","0.884","10",0.95398267,1.314984781,"19","7.7",TRUE,"turf","0","0","0",FALSE,TRUE,FALSE,"0","1","0","0","0","0","1","0","0","0","13","us$/kg","high","trawl","trawl","local market","local market","1","suruga bay, japan","1",TRUE,"na","1",TRUE,"0","na","1","1","1","1","0","1","0","0","1","0","1","0","0","0","0","0","0","1",9,"1967","120","120","780","780","2000","tonnes biomass","2000","na","0","1",1,"0",0,"0","0","0","1","na","0","1","1","0","na","0","0","0","0",TRUE,TRUE
21,"na",14,TRUE,2,"north sea herring","Clupea harengus","0.296000004","medium","45","benthopelagic","oceanodromous","low","reliable: based on ex-vessel price for this species","temperate","3.11","finfish - pelagic","deep water","na","surface water","planktivore","medium","10-100","100","1","1","1","1",TRUE,"1","1","1975","1","160","0","scotland","5194000","0.5",2.14e+11,"693190156.7","0.003233577","0","0.207183161","na","0.849","10",0.303868173,1.705874164,"23","7.7",TRUE,"na","0","0","0",TRUE,FALSE,FALSE,"0","1","1","0","0","na","1","na","1","0","low","na","low","trawl","trawl","export","export","na","north-western regions of north sea","0",FALSE,"fraserburgh","0",TRUE,"1","na","1","na","na","1","na","na","na","0","na","na","na","na","na","na","na","na","1","1",6,"2007","22","22","na","na","80000","tonnes biomass","80000","06-sep","na","na",0,"1",0,"0","1","0","0","na","na","0","0","0","na","0","0","0","na",TRUE,TRUE
22,"na",15,FALSE,1,"walleye pollock","Theragra chalcogramma","na","na","91","benthopelagic","non-migratory","low","reliable: based on ex-vessel price for this species","polar","3.45","finfish-benthic","soft slope (200-2000m)","na","na","carnivore","medium","100-1000","100","1","1","1","1",FALSE,"1","1","1990","1","long distance","0","japan","126475664","-0.28",5.39e+12,"16775389752","0.00311174","0","0.0848478","na","0.884","10",0.95398267,1.314984781,"19","7.7",TRUE,"turf","0","0","0",FALSE,TRUE,FALSE,"0","0","1","na","0","0","0","0","1","0","1.8084","us$/kg","low","gillnet","gillnet","na","na","na","large","0",FALSE,"na","1",TRUE,"0","na","na","1","1","na","0","1","0","1","0","0","0","1","0","0","1","0","1","1",1,"1996","86","86","na","na","9200","tonnes biomass","9200","na","0","1",1,"1",0,"0","0","0","1","na","0","1","1","1","1","na","1","0","0",TRUE,TRUE
23,"na",16,TRUE,1,"brown mussel","Perna perna","na","na","na","na","na","na","na","na","na","molluscs","rocky intertidal","na","rocky intertidal","filter feeder","high","0","0","0","1","0","na",FALSE,"1","na","na","1","7","1","south africa","49004031","-0.38",3.54e+11,"244304663.4","0.000689347","0","0","0.014","0.597","9",0.019270835,0.056244327,"86","4.7",TRUE,"iq, itq, tae","0","0","0",FALSE,TRUE,TRUE,"0","1","1","1","1","na","1","1","na","na","subsistence","na","low","hand","hand","local market","local market","1","10.5 km stretch of coastline of the sokhulu subsistence mussel use zone, along the eastern coast of south africa","0",FALSE,NA,"0",TRUE,"0","na","0","0","1","1","1","1","0","na","1","0","1","1","0","0","1","0","1","1",8,"1995","na","na","na","na","na","na","na","09-may","0","1",1,"0",0,"0","0","0","1","na","0","1","1","1","na","1","1","na","na",FALSE,TRUE
24,"na",17,FALSE,1,"geoduck","Panopea abrupta","na","na","na","na","na","na","na","na","na","molluscs","soft shelf (30-200m)","na","na","filter feeder","medium","0","0","0","1","0","0",FALSE,"1","0","na","1","40-50","1","canada","34030589","0.79",1.56e+12,"3700604749","0.002366116","0","0.147166086","na","0.888","10",1.015461068,1.779242578,"58","8.7",TRUE,"na","0","1","0",FALSE,FALSE,FALSE,"0","1","1","na","0","0","0","0","1","0","9","can$/lbs","medium","dive","dive","export","export","1","na","0",FALSE,"na","0",TRUE,"0","na","1","1","1","1","1","na","na","0","0","0","1","1","0","0","0","0","1","na",9,"1981","39","39","41","41","4082","tonnes biomass","4082","na","0","2",1,"1",0,"0","0","0","1","na","1","1","1","1","na","0","1","1","0",TRUE,TRUE
25,"na",18,FALSE,2,"blacklip abalone","Haliotis rubra","na","na","na","na","na","na","na","na","na","molluscs","rocky reef","na","rocky reef","herbivore","low","0","0","0","1","0","na",FALSE,"1","0","na","1","02-abr","1","australia","21766711","1.15",1.22e+12,"2118015410","0.001736078","0","0.152656685","na","0.937","10",0.834825671,1.727008739,"16","8.7",TRUE,"itq,iteq, iq, cq","1","0","0",FALSE,FALSE,FALSE,"0","1","1","0","0","1","0","1","0","0","25","aus$/kg","high","dive","dive","local market/export","local market/export","na","coastal waters from mouth of hopkins river east to the lakes entrance","0",FALSE,"na","0",TRUE,"na","na","na","na","1","0","1","na","1","na","na","na","1","1","0","0","0","0","1","1",6,"1987","na","na","na","na","na","na","na","0","0","1",0,"1",0,"0","0","0","1","na","1","1","1","0","1","1","1","0","0",TRUE,TRUE
26,"na",19,FALSE,2,"blacklip abalone","Haliotis rubra","na","na","na","na","na","na","na","na","na","molluscs","rocky reef","na","rocky reef","herbivore","low","0","0","0","1","0","na",FALSE,"1","0","na","1","02-abr","1","australia","21766711","1.15",1.22e+12,"2118015410","0.001736078","0","0.152656685","na","0.937","10",0.834825671,1.727008739,"16","8.7",TRUE,"itq,iteq, iq, cq","1","0","0",FALSE,FALSE,FALSE,"0","1","1","0","0","1","0","1","0","0","25","aus$/kg","high","dive","dive","local market/export","local market/export","na","coastal waters from mouth of hopkins river to border of victoria/south australia states","0",FALSE,NA,"0",TRUE,"na","0","0","1","1","0","1","0","1","na","1","0","1","1","0","0","0","0","1","1",6,"na","na","na","na","na","na","na","na","0","0","1",0,"1",0,"0","0","0","1","na","1","1","1","0","1","1","1","0","0",TRUE,TRUE
27,"na",20,FALSE,14,"cod","Gadus morhua","0.090000004","low","200","benthopelagic","oceanodromous","medium","reliable: based on ex-vessel price for this species","temperate","3.73","finfish-benthic","deep water","na","deep water","carnivore","medium","100-1000","1000","1","1","1","1",FALSE,"1","1","1990","1","na","0","denmark","5529888","0.25",3.05e+11,"985380462.5","0.003234998","0","1.431231357","na","0.866","10",1.035622076,1.871835991,"29","9.3",TRUE,"ivq, iteq","1","0","0",FALSE,FALSE,FALSE,"0","1","1","1","na","na","na","1","na","na","na","na","medium","na","na","local market/export","local market/export","na","large","0",FALSE,NA,"0",TRUE,"1","1","0","0","0","1","0","0","0","0","0","0","0","0","0","0","0","1","0","1",9,"2007","na","na","87","87","na","na","na","na","0","na",0,"1",0,"0","0","0","1","na","1","1","1","na","na","0","1","1","1",TRUE,TRUE
28,"na",21,FALSE,14,"cod","Gadus morhua","na","na","200","benthopelagic","oceanodromous","medium","reliable: based on ex-vessel price for this species","temperate","3.73","finfish-benthic","deep water","na","deep water","carnivore","medium","100-1000","1000","1","1","1","1",FALSE,"1","1","1990","1","na","0","denmark","5529888","0.25",3.05e+11,"985380462.5","0.003234998","0","1.431231357","na","0.866","10",1.035622076,1.871835991,"29","9.3",TRUE,"ivq, iteq","1","0","0",FALSE,FALSE,FALSE,"0","1","1","1","na","na","na","1","na","na","na","na","medium","na","na","local market/export","local market/export","na","large","0",FALSE,NA,"0",TRUE,"1","1","0","0","0","1","0","0","0","0","0","0","0","0","0","0","0","1","0","1",2,"2007","na","na","na","na","na","na","na","na","0","na",0,"1",0,"0","0","0","1","na","1","1","1","na","na","0","1","1","1",TRUE,TRUE
29,"na",22,TRUE,NA,"invertebrates","Tridacna derasa","na","na","na","na","na","na","na","na","na","molluscs","coral reef","na","coral reef","filter feeder","medium","0","0","0","0","0","na",FALSE,"na","na","na","1","08-oct","na","solomon islands","571890","2.22",6.74e+08,"205726976.9","0.305232903","0","0.231550048","na","0.494","8",0.348724577,-0.671715124,"108","2.8",TRUE,"turf","0","0","0",FALSE,TRUE,TRUE,"0","1","0","0","0","1","0","1","1","na","na","na","na","artisanal","artisanal","subsistence","subsistence","na","large","1",TRUE,"na","0",TRUE,"1","na","0","1","1","1","0","1","0","na","0","0","0","0","0","0","0","0","1","0",2,"na","230","230","761","761","4.75","tonnes biomass","4.75","1","na","na",2,"0",2,"0","0","0","1","na","na","1","0","0","na","0","0","0","na",FALSE,TRUE
30,"na",22,TRUE,NA,"finfish","Na","na","na","na","na","na","na","na","na","na","finfish - reef","na","na","na","na","na","na","na","na","na","na","na",FALSE,"1","na","na","na","na","na","solomon islands","571890","2.22",6.74e+08,"205726976.9","0.305232903","0","0.231550048","na","0.494","8",0.348724577,-0.671715124,"108","2.8",TRUE,"turf","0","0","0",FALSE,TRUE,TRUE,"0","1","0","0","0","1","0","1","1","na","na","na","na","artisanal","artisanal","subsistence","subsistence","na","large","1",TRUE,"na","0",TRUE,"1","na","0","1","1","1","0","1","0","na","0","0","0","0","0","0","0","0","1","0",5,"na","230","230","761","761","222.92","tonnes biomass","222.92","1","na","na",2,"0",2,"0","0","0","1","na","na","1","0","0","na","0","0","0","na",FALSE,FALSE
31,"na",23,FALSE,14,"cod","Gadus morhua","na","na","200","benthopelagic","oceanodromous","medium","reliable: based on ex-vessel price for this species","temperate","3.73","finfish-benthic","deep water","na","deep water","carnivore","medium","100-1000","1000","1","1","1","1",FALSE,"1","1","1990","1","na","0","denmark","5529888","0.25",3.05e+11,"985380462.5","0.003234998","0","1.431231357","na","0.866","10",1.035622076,1.871835991,"29","9.3",TRUE,"ivq, iteq","1","0","0",FALSE,FALSE,FALSE,"0","1","1","1","na","na","na","1","na","na","na","na","medium","trawl","trawl","local market/export","local market/export","na","large","0",FALSE,NA,"0",TRUE,"1","1","0","0","0","1","0","0","0","0","0","0","0","0","0","0","0","1","0","1",5,"2007","na","na","276","276","na","na","na","na","0","na",0,"1",0,"0","0","0","1","na","1","1","1","na","na","0","1","1","1",TRUE,TRUE
32,"na",24,FALSE,14,"cod","Gadus morhua","na","na","200","benthopelagic","oceanodromous","medium","reliable: based on ex-vessel price for this species","temperate","3.73","finfish-benthic","deep water","na","deep water","carnivore","medium","100-1000","1000","1","1","1","1",FALSE,"1","1","1990","1","na","0","denmark","5529888","0.25",3.05e+11,"985380462.5","0.003234998","0","1.431231357","na","0.866","10",1.035622076,1.871835991,"29","9.3",TRUE,"ivq, iteq","1","0","0",FALSE,FALSE,FALSE,"0","1","1","1","na","na","na","1","na","na","na","na","medium","trawl","trawl","local market/export","local market/export","na","large","0",FALSE,NA,"0",TRUE,"1","1","0","0","0","1","0","0","0","0","0","0","0","0","0","0","0","1","0","1",2,"2007","260","260","265","265","na","na","na","na","0","na",0,"1",0,"0","0","0","1","na","1","1","1","na","na","0","1","1","1",TRUE,TRUE
33,"na",25,FALSE,1,"summer flounder","Paralichthys dentatus","na","na","94","demersal","oceanodromous","very high","reliable: based on ex-vessel price for this species","temperate","4.49","finfish-benthic","hard bottom shelf","na","hard bottom shelf","carnivore","high","100-1000","1000","1","1","1","1",FALSE,"1","na","na","1","na","0","united states","313232044","0.96",1.46e+13,"5757808667","0.000393831","0","0.026857001","na","0.902","10",0.40989339,1.525049029,"8","7.5",FALSE,"itq, iteq, iq, cq, cfq, turf, coop","0","0","0",FALSE,FALSE,FALSE,"0","1","1","1","1","1","1","1","na","na","2.06","us$/lbs","high","trawl","trawl","local market","local market","na","large","0",FALSE,NA,"0",TRUE,"1","1","0","0","1","1","0","0","0","0","0","1","0","0","0","0","0","1","0","0",2,"2009","na","na","8","8","75","tonnes biomass","75","na","0","na",0,"1",0,"0","0","0","1","na","0","1","1","na","na","0","1","na","1",TRUE,TRUE
34,"na",26,FALSE,14,"cod","Gadus morhua","na","na","200","benthopelagic","oceanodromous","medium","reliable: based on ex-vessel price for this species","temperate","3.73","finfish-benthic","deep water","na","deep water","carnivore","medium","100-1000","1000","1","1","1","1",FALSE,"1","1","1990","1","na","0","denmark","5529888","0.25",3.05e+11,"985380462.5","0.003234998","0","1.431231357","na","0.866","10",1.035622076,1.871835991,"29","9.3",TRUE,"ivq, iteq","1","0","0",FALSE,FALSE,FALSE,"0","1","1","1","na","na","na","1","na","na","na","na","medium","trawl","trawl","local market/export","local market/export","na","large","0",FALSE,NA,"0",TRUE,"1","1","0","0","0","0","0","0","0","0","0","0","0","0","0","0","0","1","0","1",3,"2007","na","na","42","42","na","na","na","na","0","na",0,"1",0,"0","0","0","1","na","1","1","1","na","na","0","1","1","1",TRUE,TRUE
35,"na",27,FALSE,14,"cod","Gadus morhua","na","na","200","benthopelagic","oceanodromous","medium","reliable: based on ex-vessel price for this species","temperate","3.73","finfish-benthic","deep water","na","deep water","carnivore","medium","100-1000","1000","1","1","1","1",FALSE,"1","1","1990","1","na","0","denmark","5529888","0.25",3.05e+11,"985380462.5","0.003234998","0","1.431231357","na","0.866","10",1.035622076,1.871835991,"29","9.3",TRUE,"ivq, iteq","1","0","0",FALSE,FALSE,FALSE,"0","1","1","1","na","na","na","1","na","na","na","na","medium","trawl","trawl","local market/export","local market/export","na","large","0",FALSE,NA,"0",TRUE,"1","1","0","1","0","1","0","0","0","0","0","0","0","0","0","0","0","1","0","1",2,"2007","20","20","na","na","na","na","na","na","0","na",0,"1",0,"0","0","0","1","na","1","1","1","na","na","0","1","1","1",TRUE,TRUE
36,"na",28,FALSE,1,"pacific whiting","Merluccius productus","na","na","91","pelagic-oceanic","0","low","reliable: based on ex-vessel price for this species","temperate","4.35","finfish - pelagic","deep water","na","deep water","carnivore","high","100-1000","1000","1","1","1","0",TRUE,"1","1","2002","1","na","0","united states","313232044","0.96",1.46e+13,"5757808667","0.000393831","0","0.026857001","na","0.902","10",0.40989339,1.525049029,"8","7.5",TRUE,"itq, iteq, iq, cq, cfq, turf, coop","1","0","0",FALSE,FALSE,TRUE,"0","1","1","na","na","na","1","na","na","na","0.06","us$/lbs","low","trawl","trawl","local market/export","local market/export","na","large","0",FALSE,"seattle, washington","1",TRUE,"1","1","1","0","0","1","0","0","0","na","0","na","1","1","0","0","na","1","1","1",3,"1997","7","7","3","3","35051","tonnes biomass","35051","na","0","na",0,"1",0,"1","0","0","1","na","0","1","1","0","na","0","1","na","na",TRUE,TRUE
37,"na",29,FALSE,1,"pacific herring","Clupea harengus pallasi","na","na","na","na","na","na","na","na","na","finfish - pelagic","deep water","na","surface waters","carnivore","high","10-100","100","1","1","1","1",FALSE,"0","1","1999, 2000, 2002, 2004, 2005, 2006","1","na","0","united states","313232044","0.96",1.46e+13,"5757808667","0.000393831","0","0.026857001","na","0.902","10",0.40989339,1.525049029,"8","7.5",TRUE,"itq, iteq, iq, cq, cfq, turf, coop","0","0","0",FALSE,FALSE,TRUE,"0","1","1","na","na","na","1","1","0","0","0.5","us$/lbs","low","seine","seine","export","export","1","medium","1",TRUE,"newport, oregon","0",TRUE,"0","0","na","1","0","1","0","0","0","1","0","na","0","0","0","0","1","0","1","na",5,"1989","5","5","9","9","92.5","tonnes biomass","92.5","0.25","0","na",1,"1",1,"1","0","0","1","na","0","1","0","0","na","1","1","0","1",TRUE,TRUE
38,"karly",30,FALSE,6,"cod pacific","Gadus macrocephalus","0.200000003","medium","119","demersal","oceanodromous","low","reliable: based on ex-vessel price for this species","temperate","4.01","finfish - pelagic","na","na","na","carnivore","medium",">1000","2000","1","1","1","1",TRUE,"1","0","na","1","na","na","united states","313232044","0.96",1.46e+13,"5757808667","0.000393831","0","0.026857001","na","0.902","10",0.40989339,1.525049029,"8","7.5",TRUE,"itq, iteq, iq, cq, cfq, turf, coop","0","0","0",FALSE,FALSE,TRUE,"0","1","1","0","0","0","1","1","1","0","0.384","us$/lbs","low","trawl/hook and line","trawl/hook and line","local market/export","local market/export","na","large","0",FALSE,"seattle, washington","na",TRUE,"1","1","0","0","1","1","1","0","0","0","0","na","1","0","0","0","1","1","1","0",5,"2006","16","16","7 companies","na","na","na","na","0.5","0","1",0,"1",0,"na","0","0","1","na","0","1","1","0","na","0","1","0","0",TRUE,TRUE
39,"karly",30,FALSE,6,"yellowfin sole","Limanda asppra","na","na","na","na","na","na","na","na","na","finfish-benthic","subtidal soft bottom, soft shelf","na","subtidal soft bottom, soft shelf","omnivore","low","1-10","10","1","1","na","na",TRUE,"1","0","na","1","na","0","united states","313232044","0.96",1.46e+13,"5757808667","0.000393831","0","0.026857001","na","0.902","10",0.40989339,1.525049029,"8","7.5",TRUE,"itq, iteq, iq, cq, cfq, turf, coop","0","0","0",FALSE,FALSE,TRUE,"0","1","1","0","0","0","1","1","1","0","na","us$/lbs","na","trawl","trawl","export","export","na","large","0",FALSE,"seattle, washington","0",TRUE,"1","1","0","0","1","1","1","0","0","0","0","na","1","0","0","0","1","1","1","0",7,"2006","16","16","7 companies","na","na","na","na","na","0","1",0,"1",0,"na","0","0","1","na","0","1","1","0","na","0","1","0","0",TRUE,FALSE
40,"karly",30,FALSE,6,"atka mackerel","Pleurogrammus monopterygius","na","na","na","na","na","na","na","na","na","finfish-benthic","hard slope (200-2000m)","na","hard slope (200-2000m)","invertivore","medium","10-100","100","1","1","1","1",TRUE,"1","0","na","1","long distance","0","united states","313232044","0.96",1.46e+13,"5757808667","0.000393831","0","0.026857001","na","0.902","10",0.40989339,1.525049029,"8","7.5",TRUE,"itq, iteq, iq, cq, cfq, turf, coop","0","0","0",FALSE,FALSE,TRUE,"0","1","1","0","0","0","1","1","1","0","0.108","us$/lbs","low","trawl","trawl","na","na","na","large","0",FALSE,"seattle, washington","0",TRUE,"1","1","0","0","1","1","1","0","0","0","0","na","1","0","0","0","1","1","1","0",7,"2006","16","16","7 companies","na","na","na","na","0.58","0","1",0,"1",0,"na","0","0","1","na","0","1","1","0","na","0","1","0","0",TRUE,FALSE
41,"karly",31,FALSE,3,"manila clam","Ruditapes philippinarum","na","na","na","na","na","na","na","na","na","molluscs","shallow soft bottom","na","shallow soft bottom","filter feeder","na","0","0","0","1","0","na",FALSE,"na","0","na","1","14-28","1","italy","61016804","0.42",2.04e+12,"592401703.8","0.000290821","0","0.375713993","na","0.854","10",0.529618692,0.388301534,"157","4.3",TRUE,"turf","0","0","0",TRUE,TRUE,TRUE,"0","1","na","0","0","1","na","1","0","0","na","na","na","artisanal/dredge","artisanal","local market/export","local market/export","na","medium","lagoon",TRUE,"goro","0",TRUE,"1","0","1","1","1","1","na","na","1","na","na","na","na","na","1","na","0","0","1","na",7,"1930","na","na","500","500","na","na","na","0.55","1","na",1,"0",0,"0","0","0","1","na","na","1","1","1","na","na","na","na","na",TRUE,TRUE
42,"karly",32,FALSE,4,"octopus","Octopus cyanea","na","na","na","na","na","na","na","na","na","molluscs","na","na","na","na","na","1-10","10","na","na","na","na",FALSE,"na","na","na","na","na","na","madagascar","21926221","2.97",8.33e+09,"180068883.3","0.021616913","0","0","0.413","0.435","0",-0.669980778,-0.735394093,"154","3",FALSE,"na","0","0","0",FALSE,FALSE,FALSE,"1","0","0","0","0","1","1","1","1","na","1300","ariary/kg","low","artisanal/spear","artisanal","local market/export","local market/export","0","small","0",FALSE,"andavadoaka","na",TRUE,"1","1","1","1","1","1","0","na","0","1","1","na","1","1","0","0","0","0","1","0",6,"2005","na","na","99","99","na","na","na","0.83","0","1",0,"0",0,"0","0","0","1","na","0","na","na","0","na","0","na","na","0",FALSE,TRUE
43,"karly",33,FALSE,1,"ben tre hard clams","Meretrix lyrata","na","na","na","na","na","na","na","na","na","molluscs","soft benthic","na","soft benthic","filter feeder","na","0","0","na","na","na","na",TRUE,"na","0","na","na","na","na","vietnam","90549390","1.08",1.02e+11,"1836114504","0.018001123","0","0.18490731","0.075","0.572","-7",0.192590175,-0.425830675,"31","2.7",TRUE,"na","0","0","0",FALSE,TRUE,FALSE,"0","1","1","0","na","1","0","1","0","0","na","us$/ton","low","artisanal/hand","artisanal","local market/export","local market/export","na","small","0",FALSE,"binh dai district","1",TRUE,"1","1","0","1","1","0","na","1","0","0","1","1","na","na","1","na","0","0","1","1",7,"2007","0","na","7586","7586","1592","tonnes biomass","1592","1","1","1",1,"1",0,"0","0","0","1","na","0","1","na","na","na","na","1","na","na",FALSE,TRUE
44,"karly",34,FALSE,11,"northern rockfish","Sebastes polysppnis","0.151999995","low","41","demersal","0","medium","questionable: based on ex-vessel price for species in this genus","temperate","3.57","finfish-benthic","hard bottom (75-150m)","na","hard bottom/slopes (75-125m)","planktivore","low","10-100","100","na","na","na","na",FALSE,"1","0","na","1","long distance","na","united states","313232044","0.96",1.46e+13,"5757808667","0.000393831","0","0.026857001","na","0.902","10",0.40989339,1.525049029,"8","7.5",TRUE,"itq, iteq, iq, cq, cfq, turf, coop","0","0","0",FALSE,FALSE,TRUE,"0","1","1","0","0","0","1","1","1","0","0.153","us$/lbs","medium","trawl/fixed gear","trawl/fixed gear","export","export","0","large","gulf",TRUE,"kodiak, alaska","0",TRUE,"1","1","0","0","1","1","0","0","0","na","na","na","0","0","0","0","1","1","na","na",8,"2007","3","3","3 companies","na","na","na","na","0.54","0","1",0,"1",0,"0","0","0","1","na","1","1","1","0","na","0","1","0","1",TRUE,TRUE
45,"karly",34,FALSE,11,"pacific ocean perch","Sebastes alutus","na","na","na","na","na","na","na","na","na","finfish-benthic","above hard substrate (10-30m)","na","soft shelf (150-420m)","planktivore","low","10-100","100","1","1","na","na",FALSE,"1","0","na","1","na","na","united states","313232044","0.96",1.46e+13,"5757808667","0.000393831","0","0.026857001","na","0.902","10",0.40989339,1.525049029,"8","7.5",TRUE,"itq, iteq, iq, cq, cfq, turf, coop","0","0","0",FALSE,FALSE,TRUE,"0","1","1","0","0","0","1","1","1","0","0.16","us$/lbs","low","trawl/fixed gear","trawl/fixed gear","export","export","0","large","gulf",TRUE,"kodiak, alaska","0",TRUE,"1","1","0","0","1","1","0","0","0","na","na","na","0","0","0","0","1","1","na","na",4,"2007","3","3","3 companies","na","na","na","na","0.54","0","1",0,"1",0,"0","0","0","1","na","1","1","1","0","na","0","1","0","1",TRUE,FALSE
46,"karly",35,FALSE,5,"wahoo","Acanthocybium solandri","na","na","na","na","na","na","na","na","na","finfish - pelagic","surface water","na","surface water","carnivore","high",">1000","2000","1","0","0","0",FALSE,"0","na","na","na","na","na","guam","na","na",2.773e+09,"na","na","0","na","na","na","na",0.423741237,1.177173491,"na","na",FALSE,"na","0","0","0",FALSE,FALSE,FALSE,"na","0","0","0","0","na","0","1","1","0","2.00 - 1.50","us$/lbs","low","hook and line","hook and line","local market","local market","0","na","island",TRUE,"hagåtña (agana)","0",TRUE,"1","0","1","1","1","1","0","0","0","0","na","na","0","0","0","0","1","na","1","na",4,"1976","na","na","300","300","na","na","na","1","0","na",0,"0",0,"0","0","0","1","na","0","1","0","na","na","1","1","0","0",FALSE,TRUE
47,"karly",35,FALSE,5,"mahi mahi","Coryphaena hippurus","na","na","na","na","na","na","na","na","na","finfish - pelagic","surface water","na","surface water","carnivore","high","100-1000","1000","1","1","0","na",FALSE,"0","na","na","0","na","0","guam","na","na",2.773e+09,"na","na","0","na","na","na","na",0.423741237,1.177173491,"na","na",FALSE,"na","0","0","0",FALSE,FALSE,FALSE,"na","0","0","0","0","na","0","1","1","0","1.75 - 1.25","us$/lbs","low","hook and line","hook and line","local market","local market","0","na","island",TRUE,"hagåtña (agana)","0",TRUE,"1","0","1","1","1","0","0","0","0","0","na","na","0","0","0","0","1","na","1","na",4,"1976","na","na","300","300","na","na","na","1","0","na",0,"0",0,"0","0","0","1","na","0","1","0","na","na","1","1","0","0",FALSE,FALSE
48,"karly",35,FALSE,5,"skipjack tuna bonita","Katsuwonus pelamis","na","na","na","na","na","na","na","na","na","finfish - pelagic","surface water/ deep water","na","surface water/ deep water","carnivore","medium","100-1000","1000","1","1","0","na",FALSE,"1","0","na","0","20","0","guam","na","na",2.773e+09,"na","na","0","na","na","na","na",0.423741237,1.177173491,"na","na",FALSE,"na","0","0","0",FALSE,FALSE,FALSE,"na","0","0","0","0","na","0","1","1","0","1.25 - 0.50","us$/lbs","low","hook and line","hook and line","local market/export","local market/export","0","na","island",TRUE,"hagåtña (agana)","0",TRUE,"1","0","1","1","1","0","0","0","0","0","na","na","0","0","0","0","1","na","1","na",4,"1976","na","na","300","300","na","na","na","1","0","na",0,"0",0,"0","0","0","1","na","0","1","0","na","na","1","1","0","0",FALSE,FALSE
49,"karly",36,FALSE,1,"alaska pollock","Theragra chalcogramma","na","na","91","benthopelagic","non-migratory","low","reliable: based on ex-vessel price for this species","polar","3.45","finfish - pelagic","soft slope (200-2000m)","na","na","carnivore","medium","100-1000","100","1","1","na","na",TRUE,"1","0","na","1","long distance","0","united states","313232044","0.96",1.46e+13,"5757808667","0.000393831","0","0.026857001","na","0.902","10",0.40989339,1.525049029,"8","7.5",TRUE,"itq, iteq, iq, cq, cfq, turf, coop","0","0","0",FALSE,FALSE,TRUE,"0","1","1","0","0","0","1","1","1","0","low","na","low","trawl","trawl","local market/export","local market/export","0","large","0",FALSE,"na","1",TRUE,"1","1","0","0","0","0","0","0","0","0","1","1","na","na","0","0","0","1","na","na",4,"na","7","7","na","na","0","tonnes biomass","na","0.78","0","1",0,"1",0,"0","0","0","1","na","1","1","1","0","na","0","1","0","0",TRUE,TRUE
50,"karly",37,FALSE,1,"geoduck almeja","Panopea globosa","na","na","na","na","na","na","na","na","na","molluscs","soft benthic","na","soft benthic","filter feeder","na","0","0","0","1","0","na",FALSE,"0","na","na","1","na","0","mexico","113724226","1.1",1e+12,"1647677392","0.001641113","0","0.08742489","0.015","0.75","8",-0.683420257,-0.567909816,"82","3.3",TRUE,"turf","0","0","0",TRUE,TRUE,FALSE,"0","1","0","na","0","na","na","1","0","0","na","na","na","dive","dive","export","export","na","upper gulf of california","gulf",TRUE,"golfo de santa clara","0",TRUE,"na","1","0","0","1","1","0","0","0","na","1","na","0","0","0","0","0","0","1","na",4,"2002","na","na","na","na","na","na","na","1","0","1",1,"1",0,"0","0","0","1","na","0","1","1","na","na","1","1","na","na",TRUE,TRUE
51,"karly",38,FALSE,1,"alaska pollock","Theragra chalcogramma","na","na","91","benthopelagic","non-migratory","low","reliable: based on ex-vessel price for this species","polar","3.45","finfish - pelagic","soft slope (200-2000m)","na","na","carnivore","medium","100-1000","100","1","1","na","na",TRUE,"1","0","na","1","long distance","0","united states","313232044","0.96",1.46e+13,"5757808667","0.000393831","0","0.026857001","na","0.902","10",0.40989339,1.525049029,"8","7.5",TRUE,"itq, iteq, iq, cq, cfq, turf, coop","0","0","0",FALSE,FALSE,TRUE,"0","1","1","0","0","0","1","1","1","0","low","na","low","trawl","trawl","local market/export","local market/export","0","large","0",FALSE,"na","1",TRUE,"1","1","0","0","0","1","0","0","0","0","1","1","na","na","0","0","0","1","na","1",4,"1999","19","19","21 companies","na","85364.26","tonnes biomass","85364.26","0.78","0","1",0,"1",0,"0","0","0","1","na","1","1","1","0","na","0","1","0","0",TRUE,TRUE
52,"karly",39,FALSE,11,"northern rockfish","Sebastes polysppnis","0.151999995","medium","41","demersal","0","medium","questionable: based on ex-vessel price for species in this genus","temperate","3.57","finfish-benthic","hard bottom (75-150m)","na","hard bottom/slopes (75-125m)","planktivore","low","10-100","100","na","na","na","na",FALSE,"1","0","na","1","long distance","na","united states","313232044","0.96",1.46e+13,"5757808667","0.000393831","0","0.026857001","na","0.902","10",0.40989339,1.525049029,"8","7.5",TRUE,"itq, iteq, iq, cq, cfq, turf, coop","0","0","0",FALSE,FALSE,TRUE,"0","1","1","0","0","0","1","1","1","0","0.153","us$/lbs","medium","trawl/fixed gear","trawl/fixed gear","export","export","0","large","gulf",TRUE,"kodiak, alaska","0",TRUE,"1","1","0","0","1","1","0","0","0","na","na","na","0","0","0","0","1","1","na","na",4,"2007","6","6","7 companies","na","na","na","na","0.54","0","1",0,"1",0,"0","0","0","1","na","1","1","1","0","na","0","1","0","1",TRUE,TRUE
53,"karly",39,FALSE,11,"pacific ocean perch","Sebastes alutus","na","na","na","na","na","na","na","na","na","finfish-benthic","above hard substrate (10-30m)","na","soft shelf (150-420m)","planktivore","low","10-100","100","1","1","na","na",FALSE,"1","0","na","1","na","na","united states","313232044","0.96",1.46e+13,"5757808667","0.000393831","0","0.026857001","na","0.902","10",0.40989339,1.525049029,"8","7.5",TRUE,"itq, iteq, iq, cq, cfq, turf, coop","0","0","0",FALSE,FALSE,TRUE,"0","1","1","0","0","0","1","1","1","0","0.16","us$/lbs","low","trawl/fixed gear","trawl/fixed gear","export","export","0","large","gulf",TRUE,"kodiak, alaska","0",TRUE,"1","1","0","0","1","1","0","0","0","na","na","na","0","0","0","0","1","1","na","na",4,"2007","6","6","7 companies","na","na","na","na","0.54","0","1",0,"1",0,"0","0","0","1","na","1","1","1","0","na","0","1","0","1",TRUE,FALSE
54,"karly",40,FALSE,5,"abulon amarillo","Haliotis corrugata","na","na","na","na","na","na","na","na","na","molluscs","na","na","na","herbivore","na","0","0","0","1","na","na",FALSE,"na","na","na","na","na","1","mexico","113724226","1.1",1e+12,"1647677392","0.001641113","0","0.08742489","0.015","0.75","8",-0.683420257,-0.567909816,"82","3.3",TRUE,"turf","na","na","na",TRUE,TRUE,TRUE,"0","1","1","na","na","1","1","1","1","na","830","pesos/kg","high","dive","dive","export","export","na","na","island",TRUE,"cedros island","1",TRUE,"0","1","1","1","1","1","0","na","0","0","1","1","1","1","0","0","0","0","1","na",4,"1936","22","22","152","152","na","na","na","12-jul","0","1",1,"1",0,"0","0","0","1","na","0","1","0","1","na","0","1","0","0",TRUE,TRUE
55,"karly",40,FALSE,5,"abulon azul","Haliotis fulgens","na","na","na","na","na","na","na","na","na","molluscs","rocky intertidal","na","rocky intertidal","herbivore","na","0","0","0","1","na","na",FALSE,"na","na","na","1","na","1","mexico","113724226","1.1",1e+12,"1647677392","0.001641113","0","0.08742489","0.015","0.75","8",-0.683420257,-0.567909816,"82","3.3",TRUE,"turf","na","na","na",TRUE,TRUE,TRUE,"0","1","1","na","na","1","1","1","1","na","830","pesos/kg","high","dive","dive","export","export","na","na","island",TRUE,"cedros island","1",TRUE,"0","1","1","1","1","1","0","na","0","0","1","1","1","1","0","0","0","0","1","na",8,"1936","22","22","152","152","na","na","na","12-jul","0","1",1,"1",0,"0","0","0","1","na","0","1","0","1","na","0","1","0","0",TRUE,FALSE
56,"karly",40,FALSE,5,"spiny lobster","Panulirus interruptus","na","na","na","na","na","na","na","na","na","crustaceans","rocky bottom","na","rocky bottom","carnivore","medium","1-10","10","1","1","na","na",TRUE,"1","0","na","1","long distance","na","mexico","113724226","1.1",1e+12,"1647677392","0.001641113","0","0.08742489","0.015","0.75","8",-0.683420257,-0.567909816,"82","3.3",TRUE,"turf","0","0","0",FALSE,TRUE,TRUE,"0","1","na","1","0","1","1","1","1","1","na","na","na","trap","trap","export","export","na","na","island",TRUE,"cedros island","0",TRUE,"1","1","1","1","1","1","0","1","1","0","1","1","na","na","0","0","0","1","1","na",8,"1936","22","22","152","152","163","tonnes biomass","163","09-feb","na","1",1,"na",0,"0","0","0","1","na","0","1","0","1","na","0","1","0","0",TRUE,FALSE
57,"karly",41,FALSE,1,"alaska pollock","Theragra chalcogramma","na","na","91","benthopelagic","non-migratory","low","reliable: based on ex-vessel price for this species","polar","3.45","finfish - pelagic","soft slope (200-2000m)","na","na","carnivore","medium","100-1000","100","1","1","na","na",TRUE,"1","0","na","1","long distance","0","united states","313232044","0.96",1.46e+13,"5757808667","0.000393831","0","0.026857001","na","0.902","10",0.40989339,1.525049029,"8","7.5",TRUE,"itq, iteq, iq, cq, cfq, turf, coop","0","0","0",FALSE,FALSE,TRUE,"0","1","1","0","0","0","1","1","1","0","low","na","low","trawl","trawl","local market/export","local market/export","0","large","0",FALSE,"dutch harbor/akutan, alaska","1",TRUE,"1","1","0","0","0","1","0","0","0","0","na","na","na","na","0","0","0","na","0","0",9,"1999","10","10","na","na","na","tonnes biomass","na","0.78","0","1",0,"1",0,"0","0","0","1","na","1","1","1","0","na","0","1","0","0",TRUE,TRUE
58,"karly",42,FALSE,1,"alaska pollock","Theragra chalcogramma","na","na","91","benthopelagic","non-migratory","low","reliable: based on ex-vessel price for this species","polar","3.45","finfish - pelagic","soft slope (200-2000m)","na","na","carnivore","medium","100-1000","100","1","1","na","na",TRUE,"1","0","na","1","long distance","0","united states","313232044","0.96",1.46e+13,"5757808667","0.000393831","0","0.026857001","na","0.902","10",0.40989339,1.525049029,"8","7.5",TRUE,"itq, iteq, iq, cq, cfq, turf, coop","0","0","0",FALSE,FALSE,TRUE,"0","1","1","0","0","0","1","1","1","0","low","na","low","trawl","trawl","local market/export","local market/export","0","large","0",FALSE,"seattle, washington","1",TRUE,"1","1","0","0","0","1","0","0","0","0","1","1","1","0","0","0","0","1","1","1",1,"1998","19","19","6 companies","na","280811","tonnes biomass","280811","0.78","0","1",0,"1",0,"0","0","0","1","na","1","1","1","0","na","0","1","0","0",TRUE,TRUE
59,"karly",43,FALSE,1,"ben tre hard clams","Meretrix lyrata","na","na","na","na","na","na","na","na","na","molluscs","soft benthic","na","soft benthic","filter feeder","na","0","0","0","na","na","na",TRUE,"na","0","na","na","na","na","vietnam","90549390","1.08",1.02e+11,"1836114504","0.018001123","0","0.18490731","0.075","0.572","-7",0.192590175,-0.425830675,"31","2.7",TRUE,"na","0","0","0",FALSE,TRUE,FALSE,"0","1","1","0","na","1","0","1","0","0","na","us$/ton","low","artisanal/hand","artisanal","local market/export","local market/export","na","small","0",FALSE,"binh dai district","1",TRUE,"1","1","0","1","1","1","na","1","0","0","1","1","na","na","1","na","0","0","1","1",6,"1997","0","na","7357","7357","3055","tonnes biomass","3055","1","1","1",1,"1",0,"0","0","0","1","na","0","1","na","na","na","na","1","na","na",FALSE,TRUE
60,"karly",44,FALSE,2,"pen shell","Atrina tuberculosa","na","na","na","na","na","na","na","na","na","molluscs","soft benthic","na","soft benthic","na","na","0","0","0","na","na","na",FALSE,"0","0","na","0","na","0","mexico","113724226","1.1",1e+12,"1647677392","0.001641113","0","0.08742489","0.015","0.75","8",-0.683420257,-0.567909816,"82","3.3",TRUE,"turf","0","0","0",FALSE,TRUE,FALSE,"0","1","0","na","0","0","0","1","1","0","sep-18","us$/kg","medium","dive","dive","na","na","1","medium","channel",TRUE,"punta chueca","0",TRUE,"0","1","0","0","1","1","0","0","0","0","0","0","0","0","0","0","0","0","0","na",8,"1975","may-20","13","15-60","38","na","na","na","1","0","0",1,"0",0,"1","1","0","0","na","1","0","0","0","na","0","0","0","0",TRUE,TRUE
61,"karly",44,FALSE,2,"pen shell","Pinna rugosa","na","na","na","na","na","na","na","na","na","molluscs","soft benthic","na","soft benthic","na","na","0","0","0","na","na","na",FALSE,"0","0","na","0","na","0","mexico","113724226","1.1",1e+12,"1647677392","0.001641113","0","0.08742489","0.015","0.75","8",-0.683420257,-0.567909816,"82","3.3",TRUE,"turf","0","0","0",FALSE,TRUE,FALSE,"0","1","0","na","0","0","0","1","1","0","sep-18","us$/kg","medium","dive","dive","na","na","1","medium","channel",TRUE,"punta chueca","0",TRUE,"0","1","0","0","1","1","0","0","0","0","0","0","0","0","0","0","0","0","0","na",2,"1975","may-20","13","15-60","38","na","na","na","1","0","0",1,"0",0,"1","1","0","0","na","1","0","0","0","na","0","0","0","0",TRUE,FALSE
62,"na",47,FALSE,10,"loco","Concholepas concholepas","na","na","na","na","na","na","na","na","na","molluscs","rocky intertidal (0-30m)","na","rocky intertidal (0-30m)","invertivore","high","0","0","0","1","1","1",FALSE,"1","1","1996","1","na","1","chile","16888760","0.84",1.99e+11,"1232358451","0.006186538","0","0.072099891","na","0.783","10",0.628275196,1.25052559,"68","6.7",TRUE,"itq, turf","0","0","0",FALSE,TRUE,TRUE,"0","1","1","0","0","1","0","1","0","0","18.8","us$/kg","medium","dive","dive","export","export","0","small","1",TRUE,"el quisco","0",TRUE,"1","1","1","1","1","1","1","0","0","1","1","1","0","0","0","0","0","0","1","1",2,"1957","36","36","112","112","25.4","tonnes biomass","25.4","0.33","0","1",1,"1",0,"0","0","0","1","na","0","1","1","0","na","0","1","1","1",TRUE,TRUE
63,"na",47,FALSE,7,"loco","Concholepas concholepas","na","na","na","na","na","na","na","na","na","molluscs","rocky intertidal (0-30m)","na","rocky intertidal (0-30m)","invertivore","high","0","0","0","1","1","1",FALSE,"1","1","1996","1","na","1","chile","16888760","0.84",1.99e+11,"1232358451","0.006186538","0","0.072099891","na","0.783","10",0.628275196,1.25052559,"68","6.7",TRUE,"itq, turf","0","0","0",FALSE,TRUE,TRUE,"0","1","1","0","0","1","0","1","0","0","18","us$/kg","medium","dive","dive","export","export","0","small","1",TRUE,"puerto oscuro","0",TRUE,"1","1","1","1","1","1","1","0","0","1","1","na","0","0","0","0","0","0","1","1",8,"1999","7","7","25","25","7.3","tonnes biomass","7.3","0.25","0","1",1,"1",0,"0","0","0","1","na","0","1","1","0","0","1","1","1","1",TRUE,FALSE
64,"na",47,FALSE,7,"lapas","Fissurella spp","na","na","na","na","na","na","na","na","na","molluscs","na","na","rocky intertidal (0-30m)","filter feeder","na","0","0","na","na","na","na",FALSE,"1","1","na","na","na","na","chile","16888760","0.84",1.99e+11,"1232358451","0.006186538","0","0.072099891","na","0.783","10",0.628275196,1.25052559,"68","6.7",TRUE,"itq, turf","0","0","0",FALSE,TRUE,TRUE,"0","1","na","0","0","na","na","1","0","0","3.1","us$/kg","na","dive","dive","na","na","na","small","1",TRUE,"puerto oscuro","na",TRUE,"0","na","1","1","1","1","1","0","0","1","1","na","0","0","0","0","0","0","1","1",7,"1999","7","7","25","25","15.7","tonnes biomass","15.7","na","0","1",1,"1",0,"0","0","0","1","na","0","1","1","0","0","1","1","1","1",TRUE,FALSE
65,"na",48,FALSE,100,"yellowtailed emperor","Lethrinus atkinsoni","0.289999992","medium","50","reef-associated","non-migratory","very high","very questionable: based on ex-vessel price for species in this family","tropical","3.49","finfish - reef","reef, lagoon, mangroves, seagrass, algal beds","na","na","carnivore","medium","1-10","na","na","1","1","na",FALSE,"0","0","na","1","na","na","fiji","883125","0.8",3.154e+09,"193476031.9","0.061343067","0","0.21938879","na","0.669","-4",-0.220326941,-0.755418383,"65","na",TRUE,"turf","0","0","0",FALSE,TRUE,TRUE,"1","0","0","0","0","0","0","0","1","0","na","na","high","artisanal","artisanal","local market/subsistence","local market/subsistence","na","small","1",TRUE,NA,"0",TRUE,"0","0","0","0","1","1","0","1","0","1","1","0","0","1","1","0","1","0","1","1",7,NA,"13","13","650","650","na","na","na","1","na","na",1,"0",0,"0","0","0","1","na","0","1","1","0","1","0","0","1","0",FALSE,TRUE
66,"na",48,FALSE,100,"blackspot emperor","Lethrinus harak","0.449999988","medium","50","reef-associated","non-migratory","very high","very questionable: based on ex-vessel price for species in this family","tropical","3.56","finfish - reef","reef, lagoon, mangroves, seagrass, algal beds","na","reef, lagoon, mangroves, seagrass, algal beds","carnivore","high","1-10","na","na","1","na","na",FALSE,"0","0","na","0","na","na","fiji","883125","0.8",3.154e+09,"193476031.9","0.061343067","0","0.21938879","na","0.669","-4",-0.220326941,-0.755418383,"65","na",TRUE,"turf","0","0","0",FALSE,TRUE,TRUE,"1","0","0","0","0","0","0","0","1","0","na","na","high","artisanal","artisanal","local market/subsistence","local market/subsistence","na","small","1",TRUE,NA,"0",TRUE,"0","0","0","0","1","0","0","1","0","1","1","0","0","1","1","0","1","0","1","1",8,NA,"13","13","650","650","na","na","na","1","na","na",1,"0",0,"0","0","0","1","na","0","1","1","0","1","0","0","1","0",FALSE,FALSE
67,"na",48,FALSE,100,"cake urchin","Tripneustes gratilla","na","na","na","na","na","na","na","na","na","other invertebrates","reef, lagoon, mangroves, seagrass, algal beds","na","reef, lagoon, mangroves, seagrass, algal beds","herbivore","na","1-10","10","na","na","na","na",FALSE,"0","0","na","na","na","na","fiji","883125","0.8",3.154e+09,"193476031.9","0.061343067","0","0.21938879","na","0.669","-4",-0.220326941,-0.755418383,"65","na",TRUE,"turf","0","0","0",FALSE,TRUE,TRUE,"1","0","0","0","0","0","0","0","1","0","na","na","na","artisanal","artisanal","local market/subsistence","local market/subsistence","na","small","1",TRUE,NA,"0",TRUE,"0","0","0","0","1","0","0","1","0","1","1","0","0","1","1","0","1","0","1","1",8,NA,"13","13","650","650","na","na","na","1","na","na",1,"0",0,"0","0","0","1","na","0","1","1","0","1","0","0","1","0",FALSE,FALSE
68,"tonya",49,FALSE,1,"caribbean spiny lobster","Panulirus argus","na","na","na","na","na","na","na","na","na","crustaceans","rocky reef","na","rocky reef","invertivore","medium","1-10","10","1","1","0","na",FALSE,"0","0","na","1","365","0","mexico","113724226","1.1",1e+12,"1647677392","0.001641113","0","0.08742489","0.015","0.75","8",-0.683420257,-0.567909816,"82","3.3",TRUE,"turf","0","0","0",FALSE,TRUE,TRUE,"0","1","0","0","0","1","1","1","0","1","17.23","us$/kg","high","artisanal","artisanal","local market/export","local market/export","na","large","1",TRUE,"bahia de la ascension","0",TRUE,"1","0","1","0","na","0","0","1","0","1","1","1","0","0","0","0","1","0","1","0",8,"1969","55","55","80","80","66.2","tonnes biomass","66.2","0.66","1","3",1,"na",0,"0","0","0","1","na","1","1","1","0","na","0","na","1","0",TRUE,TRUE
75,"karly&tonya",50,FALSE,3,"oyster","Crassostrea rhizophorae","na","na","na","na","na","na","na","na","na","molluscs","estuarine","na","estuarine","filter feeder","na","0","0","0","1","0","na",FALSE,"0","0","na","na","na","na","brazil","203429773","1.13",2.02e+12,"1531240226","0.000756542","0","1.583148148","0.039","0.699","8",0.287988903,-0.181961392,"98","3.7",TRUE,"turf","0","0","0",FALSE,TRUE,TRUE,"1","1","0","0","0","0","0","0","0","0","0.09","oyster","low","na","na","local market","local market","1","cananéia estuary (mandira neighborhood extractive reserve)","estuary",TRUE,"caneneia","0",TRUE,"0","1","1","0","1","0","0","0","0","0","1","0","0","0","0","0","0","0","0","0",6,"1994","na","na","53","53","348000","oysters","na","01-dic","1","0",1,"0",0,"0","0","0","1","na","0","1","1","0","0","1","1","na","0",FALSE,TRUE
76,"karly&tonya",51,FALSE,7,"sardinella","Sardinella brasiliensis","na","na","na","na","na","na","na","na","na","finfish - pelagic","na","na","na","na","na","10-100","100","1","1","0","na",FALSE,"1","0","na","na","na","na","brazil","203429773","1.13",2.02e+12,"1531240226","0.000756542","0","1.583148148","0.039","0.699","8",0.287988903,-0.181961392,"98","3.7",TRUE,"turf","0","0","1",FALSE,TRUE,FALSE,"0","1","0","1","0","0","0","1","1","0","medium","fish base","medium","seine, artisanal","seine","na","na","na","arraial do cabo cape","cape",TRUE,"arraial do cabo","0",TRUE,"1","1","0","0","0","0","0","0","0","0","0","0","0","0","0","0","0","0","0","0",2,"1990","na","na","150","150","na","na","na","na","0","na",3,"0",0,"0","0","0","1","na","na","1","1","0","1","0","na","na","0",FALSE,TRUE
77,"karly&tonya",51,TRUE,7,"little tuna","Euthynnus alleteratus","na","na","na","na","na","na","na","na","na","finfish - pelagic","na","na","na","carnivore","na","100-1000","1000","1","1","0","na",FALSE,"0","0","na","na","na","na","brazil","203429773","1.13",2.02e+12,"1531240226","0.000756542","0","1.583148148","0.039","0.699","8",0.287988903,-0.181961392,"98","3.7",TRUE,"turf","0","0","1",FALSE,TRUE,FALSE,"0","1","0","1","0","0","0","1","1","0","medium","fish base","medium","seine, artisanal","seine","na","na","na","arraial do cabo cape","cape",TRUE,"arraial do cabo","0",TRUE,"1","1","0","0","0","1","0","0","0","0","0","0","0","0","0","0","0","0","0","0",1,"1990","na","na","150","150","na","na","na","na","0","na",3,"0",0,"0","0","0","1","na","na","1","1","0","1","0","na","na","0",FALSE,FALSE
78,"karly&tonya",51,TRUE,7,"chub mackerel","Scomber japonicus","na","na","na","na","na","na","na","na","na","finfish - pelagic","na","na","na","carnivore","na","100-1000","1000","1","1","0","na",FALSE,"0","0","na","na","na","na","brazil","203429773","1.13",2.02e+12,"1531240226","0.000756542","0","1.583148148","0.039","0.699","8",0.287988903,-0.181961392,"98","3.7",TRUE,"turf","0","0","1",FALSE,TRUE,FALSE,"0","1","0","1","0","0","0","1","1","0","high","fish base","high","seine, artisanal","seine","na","na","na","arraial do cabo cape","cape",TRUE,"arraial do cabo","0",TRUE,"1","1","0","0","0","1","0","0","0","0","0","0","0","0","0","0","0","0","0","0",1,"1990","na","na","150","150","na","na","na","na","0","na",3,"0",0,"0","0","0","1","na","na","1","1","0","1","0","na","na","0",FALSE,FALSE
79,"tonya",52,FALSE,5,"brown shrimp","Farfantepenaeus californiensis","na","na","na","na","na","na","na","na","na","crustaceans","estuarine","na","estuarine","na","na","1-10","10","1","1","1","1",FALSE,"1","0","0","1","na","na","mexico","113724226","1.1",1e+12,"1647677392","0.001641113","0","0.08742489","0.015","0.75","8",-0.683420257,-0.567909816,"82","3.3",TRUE,"turf","0","0","0",FALSE,TRUE,TRUE,"0","1","1","1","0","1","1","1","0","0","4.3","us$/kg","low","trawl","trawl","local market/export","local market/export","na","local market/export","na",FALSE,"na","na",TRUE,"1","1","0","0","0","1","0","1","1","0","0","0","0","1","1","0","0","0","0","0",1,"1942","32","32","64","64","na","na","na","september to march","0","0",1,"1",0,"0","0","0","1","na","1","1","1","1","1","1","0","1","0",TRUE,TRUE
80,"tonya",52,FALSE,5,"blue shrimp","Litopenaeus stylirostris","na","na","na","na","na","na","na","na","na","crustaceans","estuarine","na","estuarine","na","na","1-10","10","1","1","1","1",FALSE,"1","0","0","1","na","na","mexico","113724226","1.1",1e+12,"1647677392","0.001641113","0","0.08742489","0.015","0.75","8",-0.683420257,-0.567909816,"82","3.3",TRUE,"turf","0","0","0",FALSE,TRUE,TRUE,"0","1","1","1","0","1","1","1","0","0","4.3","us$/kg","low","trawl","trawl","local market/export","local market/export","na","local market/export","na",FALSE,"na","na",TRUE,"1","1","0","0","0","0","0","1","1","0","0","0","0","1","1","0","0","0","0","0",4,"1942","32","32","64","64","na","na","na","september to march","0","0",1,"1",0,"0","0","0","1","na","1","1","1","1","1","1","0","1","0",TRUE,FALSE
84,"dan",53,FALSE,9,"topshell","Batillus cornutus","na","na","na","na","na","na","na","na","na","molluscs","rocky reef","na","rocky reef","herbivore","na","1-10","10","na","na","na","na",FALSE,"0","1","1989","1","na","na","korea, south","48754657","0.23",9.86e+11,"4232801555","0.004291596","0","0.091638878","na","0.877","8",0.21282693,0.999382508,"5","5.5",TRUE,"turf, coop","0","0","0",FALSE,TRUE,TRUE,"0","0","1","0","0","1","1","1","0","0","3","us$/kg","low","dive","dive","local market/export","local market/export","0","253 km","0",FALSE,"many","0",TRUE,"0","1","1","1","1","0","0","1","0","na","1","1","0","0","0","1","0","0","0","1",4,"1300","na","na","5000","5000","1000","tonnes","1000","08-jun","1","0",1,"0",0,"0","na","na","na","na","0","1","1","1","1","0","1","0","0",FALSE,TRUE
85,"dan",53,FALSE,9,"abalone","Haliotis spp","na","na","na","na","na","na","na","na","na","molluscs","rocky reef","na","rocky reef","herbivore","medium","1-10","10","0","1","0","na",FALSE,"0","1","2000","1","check other abalone","1","korea, south","48754657","0.23",9.86e+11,"4232801555","0.004291596","0","0.091638878","na","0.877","8",0.21282693,0.999382508,"5","5.5",TRUE,"turf, coop","0","0","0",FALSE,TRUE,TRUE,"0","0","0","0","0","1","0","1","0","0","290","us$/kg","high","dive","dive","local market/export","local market/export","0","253 km","0",FALSE,"many","0",TRUE,"0","1","1","1","1","1","0","1","0","na","1","1","0","0","0","1","0","0","0","1",7,"1300","na","na","5000","5000","2","tonnes","2","0","1","0",1,"0",0,"0","na","na","na","na","0","1","1","1","1","0","1","0","0",FALSE,FALSE
86,"dan",54,FALSE,NA,"acanthuridae","Na","na","na","na","na","na","na","na","na","na","finfish - reef","na","na","na","herbivore","na","1-10","10","0","1","na","na",FALSE,"0","0","0","na","na","na","papua new guinea","6187591","1.99",8.809e+09,"1048872878","0.119068325","0","0.352519662","na","0.431","4",-0.611518921,-0.974627836,"163","2.1",FALSE,"0","0","0","0",FALSE,FALSE,FALSE,"1","0","0","0","0","0","0","0","0","0","na","na","na","artisanal","artisanal","subsistence/local market","local market/subsistence","na","5.5 km^2","1",TRUE,"ahus island","0",TRUE,"0","0","0","1","0","1","0","1","1","na","0","0","1","1","0","0","0","0","0","1",7,NA,"na","na","600","600","na","na","na","0","0","0",2,"0",0,"0","na","na","na","low","0","0","1","0","0","0","0","0","0",FALSE,TRUE
87,"dan",54,FALSE,NA,"mulllidae goatfish","Na","na","na","na","na","na","na","na","na","na","finfish - reef","na","na","na","invertivore","medium","10-100","100","0","1","na","na",FALSE,"0","0","0","na","na","na","papua new guinea","6187591","1.99",8.809e+09,"1048872878","0.119068325","0","0.352519662","na","0.431","4",-0.611518921,-0.974627836,"163","2.1",FALSE,"0","0","0","0",FALSE,FALSE,FALSE,"1","0","0","0","0","0","0","0","0","0","na","na","na","artisanal","artisanal","subsistence/local market","local market/subsistence","na","5.5 km^2","1",TRUE,"ahus island","0",TRUE,"0","0","0","1","0","1","0","1","0","na","0","0","1","1","0","0","0","0","0","1",6,NA,"na","na","600","600","na","na","na","0","0","0",2,"0",0,"0","na","na","na","low","0","0","1","0","0","0","0","0","0",FALSE,FALSE
88,"dan",55,FALSE,4,"tehuelche scallop","Aequipecten tehuelchus","na","na","na","na","na","na","na","na","na","molluscs","na","na","na","filter feeder","low","0","0","0","1","0","na",FALSE,"1","1","1974, 1996","1","20","1","argentina","41769726","1.02",3.51e+11,"2800399634","0.007978347","0","0.247428601","0.011","0.775","8",-0.016068056,-0.663375138,"45","2.9",FALSE,"0","0","0","0",FALSE,FALSE,FALSE,"0","1","1","0","0","1","na","1","0","0","na","na","na","dive","dive","local market/export","local market/export","1","814 km^2","1",TRUE,"na","na",TRUE,"1","0","0","0","0","0","0","0","0","na","0","0","0","0","0","0","1","0","1","1",4,"1993","na","na","na","na","na","na","na","0","0","0",0,"0",0,"na","na","na","na","na","0","0","0","na","0","0","0","0","0",FALSE,TRUE
89,"dan",56,FALSE,NA,"bonga shad","Ethmalosa fimbriata","na","na","na","na","na","na","na","na","na","freshwater & diadromous","na","na","na","planktivore","na","10-100","100","1","1","0","na",FALSE,"0","0","0","1","na","na","gambia, the","1797860","2.4",1.04e+09,"31146577.76","0.029948632","0","0.305712543","0.324","0.39","-5",0.262985222,-0.429832142,"68","2.9",FALSE,"0","0","0","0",FALSE,FALSE,FALSE,"1","0","0","0","0","0","1","1","0","0","high","na","na","surrounding net","surrounding net","local market/export","local market/export","na","na","0",FALSE,"na","na",TRUE,"1","1","1","1","1","0","0","0","0","na","0","0","0","0","0","0","0","0","0","na",2,"1988","112","112","na","na","3865","tonnes","3865","0","0","0",0,"0",0,"0","na","na","na","na","0","1","0","0","0","1","1","0","0",FALSE,TRUE
90,"dan",57,FALSE,2,"mangrove cockle","Anadara tuberulosa","na","na","na","na","na","na","na","na","na","molluscs","mangrove","na","mangrove","filter feeder","low","0","0","0","0","0","na",FALSE,"0","0","0","1","na","na","ecuador","15007343","1.44",6.149e+10,"391388187.4","0.006365071","na","0.163074603","0.009","0.695","5",-0.748772135,-1.282997155,"99","2.2",TRUE,"turf","0","0","0",FALSE,TRUE,FALSE,"1","0","0","0","0","1","0","0","0","0","16","na","medium","hand","hand","local market","local market","1","5.2 km^2","1",TRUE,"costa rica, ecuador","0",FALSE,"1","1","0","1","1","0","0","0","0","na","1","0","1","1","0","1","0","0","0","1",2,"2000","na","na","40","40","na","na","na","0","0","1",2,"0",0,"0","na","na","na","na","0","1","1","0","0","1","1","1","1",FALSE,TRUE
91,"karly",58,NA,NA,"king fish","Scomberomorus commerson","na","na","na","na","na","na","na","na","na","finfish - pelagic","pelagic-neritic","na","na","carnivore","na","10-100","100","1","1","1","1",FALSE,"1","0","na","1","na","na","oman","3027959","2.02",5.378e+10,"140196958.1","0.002606861","0","0.308119631","na","na","-8",0.812206129,0.683490292,"104","5.5",TRUE,"na","0","0","0",FALSE,TRUE,FALSE,"1","0","0","0","0","0","0","1","0","0","1.35","omr (oman rial) per kg","low","artisanal","artisanal","subsistence/local market","local market/subsistence","na","al-batinah coast","na",FALSE,"barka, musna and suwaiq","0",FALSE,"0","0","0","0","na","0","0","1","0","na","1","0","1","1","0","na","0","0","0","na",6,"1900","4158","4158","na","na","na","na","na","na","1","0",0,"0",0,"0","na","na","na","na","0","0","1","na","0","0","0","0","0",FALSE,TRUE
92,"karly",59,NA,NA,"carribean spiny lobster","Panulirus argus","na","na","na","na","na","na","na","na","na","crustaceans","demersal","na","sea grass beds","invertivore","na","1-10","10","1","1","0","na",FALSE,"1","0","na","1","365","0","belize","321115","2.06",1.431e+09,"65052594.15","0.045459535","0","0.162821935","0.024","0.694","na",0.077101238,-0.382262966,"168","na",FALSE,"na","0","0","0",FALSE,FALSE,FALSE,"1","0","0","0","0","1","1","1","0","1","24.07","2009","high","dive, traps","dive","export","export","na","all of belize coast","na",FALSE,"belize city","0",TRUE,"1","1","1","1","1","na","0","0","0","na","0","0","0","0","0","0","0","0","0","0",4,"1966","na","na","700","700","642","metric tons","642","6.5-2.5","0","1",0,"0",0,"0","0","0","1","na","0","1","1","1","1","0","1","1","0",FALSE,TRUE
93,"karly",59,NA,NA,"queen conch","Strombus gigas","na","na","na","na","na","na","na","na","na","other invertebrates","demersal","na","sea grass beds","herbivore","na","1-10","10","0","1","0","na",FALSE,"1","0","na","1","medium","1","belize","321115","2.06",1.431e+09,"65052594.15","0.045459535","0","0.162821935","0.024","0.694","na",0.077101238,-0.382262966,"168","na",FALSE,"na","0","0","0",FALSE,FALSE,FALSE,"1","0","1","0","0","1","1","1","0","0","9.1","belize $ 2003 dollars per pound","medium","dive","dive","export","export","na","all of belize coast","na",FALSE,"belize city","0",TRUE,"1","1","1","1","1","0","0","0","0","na","0","0","0","0","0","0","0","0","0","0",2,"1966","na","na","700","700","279","metric tons","279","10-jun","0","1",0,"0",0,"0","0","0","1","na","0","1","1","1","1","0","1","1","0",FALSE,FALSE
94,"karly",60,NA,20,"kadal shrimp","Metapenaeus dobsoni","na","na","na","na","na","na","na","na","na","crustaceans","demersal","na","estuarine","na","high","1-10","10","1","na","1","0",FALSE,"0","0","na","1","na","na","india","1189172906","1.34",1.43e+12,"3065580546","0.002143763","0","1.662514779","0.296","0.519","9",-1.187927632,0.049102192,"182","3.4",TRUE,"na","0","0","1",FALSE,TRUE,FALSE,"1","0","0","1","0","0","1","1","0","0","na","na","na","artisanal","artisanal","na","na","1","vallarpadam in central kerala (south india)","lagoon/estuary, island",TRUE,"vivekananda chandrika dheevara sabha","0",TRUE,"1","0","0","1","1","0","0","1","0","na","1","1","1","0","0","na","0","0","0","na",2,"1980","na","na","21","21","na","na","na","na","0","0",3,"0",0,"0","na","na","na","na","0","1","1","0","0","0","na","0","0",FALSE,TRUE
95,"karly",60,NA,20,"speckled shrimp","Metapenaeus monoceros","na","na","na","na","na","na","na","na","na","crustaceans","demersal","na","estuarine","na","high","1-10","10","1","na","1","0",FALSE,"0","0","na","na","na","na","india","1189172906","1.34",1.43e+12,"3065580546","0.002143763","0","1.662514779","0.296","0.519","9",-1.187927632,0.049102192,"182","3.4",TRUE,"na","0","0","1",FALSE,TRUE,FALSE,"1","0","0","1","0","0","1","1","0","0","very high","fish base","high","artisanal","artisanal","na","na","1","vallarpadam in central kerala (south india)","lagoon/estuary, island",TRUE,"vivekananda chandrika dheevara sabha","0",TRUE,"1","0","0","1","1","1","0","1","0","na","1","1","1","0","0","na","0","0","0","na",7,"1980","na","na","21","21","na","na","na","na","0","0",3,"0",0,"0","na","na","na","na","0","1","1","0","0","0","na","0","0",FALSE,FALSE
96,"karly",60,NA,20,"indian white prawn","Paeneus indicus","na","na","na","na","na","na","na","na","na","crustaceans","demersal","na","estuarine","detritivore","na","1-10","10","1","na","1","0",FALSE,"0","0","na","na","na","na","india","1189172906","1.34",1.43e+12,"3065580546","0.002143763","0","1.662514779","0.296","0.519","9",-1.187927632,0.049102192,"182","3.4",TRUE,"na","0","0","1",FALSE,TRUE,FALSE,"1","0","0","1","0","0","1","1","0","0","very high","fish base","high","artisanal","artisanal","na","na","1","vallarpadam in central kerala (south india)","lagoon/estuary, island",TRUE,"vivekananda chandrika dheevara sabha","0",TRUE,"1","0","0","1","1","1","0","1","0","na","1","1","1","0","0","na","0","0","0","na",7,"1980","na","na","21","21","na","na","na","na","0","0",3,"0",0,"0","na","na","na","na","0","1","1","0","0","0","na","0","0",FALSE,FALSE
97,"karly",61,NA,1,"whitespined sea urchin","Tripneustes ventricosus","na","na","na","na","na","na","na","na","na","other invertebrates","demersal","na","sea grass beds","herbivore","na","1-10","10","0","1","0","0",FALSE,"na","1","1987-1990, 1993, 1994,1996-200","1","medium","1","st. lucia","173765","1.2",1e+09,"3528000","0.003528","0","0.305839002","na","na","na",0.749771129,0.839379291,"165","7",FALSE,"na","0","0","0",FALSE,FALSE,FALSE,"0","1","0","na","0","1","1","na","1","0","3.79","us$ per urchin","medium","dive","dive","local market/export","local market/export","na","vieux-fort","na",FALSE,"vieux-fort","0",TRUE,"0","1","0","0","0","1","0","0","1","na","0","0","0","0","0","0","0","0","1","1",7,"1989","na","na","na","na","na","na","na","na","0","0",0,"0",0,"0","na","na","na","na","0","1","0","1","0","0","1","0","0",FALSE,TRUE
100,"karly",63,NA,1,"na","Na","na","na","na","na","na","na","na","na","na","na","na","na","na","carnivore","na","10-100","100","1","1","na","na",FALSE,"1","0","na","1","long distance","0","russia","138739892","-0.47",1.48e+12,"3498542671","0.002368682","0","0.224622426","0.005","0.719","4",-0.724890222,-0.772743883,"18","2.2",TRUE,"na","0","0","0",TRUE,FALSE,FALSE,"0","1","1","0","0","1","1","1","1","0","low","fish base","low","trawl","trawl","local market/export","local market/export","1","sea of okhotsk and west- bering sea","na",FALSE,"vladivostok","1",TRUE,"1","1","1","1","na","0","1","0","0","na","na","na","na","na","0","0","0","1","1","0",2,"2006","na","na","35 companies","na","na","na","na","na","0","1",0,"1",0,"0","na","na","na","na","0","1","na","1","na","0","1","0","0",FALSE,TRUE
101,"kent",64,FALSE,NA,"gamitana","Colossoma macropomum","na","na","na","na","na","na","na","na","na","freshwater & diadromous","freshwater","na","freshwater","herbivore","na","10-100","100","1","1","1","1",FALSE,"0","0","0","na","na","na","peru","29248943","1.03",1.54e+11,"1782403595","0.01161175","0","0.068769667","0.085","0.723","9",-0.929119834,-0.655643681,"108","3.7",TRUE,"itq, turf","1","0","0",FALSE,TRUE,TRUE,"0","1","1","1","1","1","1","1","1","1","0.74","usd/kg","low","artisanal","artisanal","subsistence/local market","local market/subsistence","high","the tahuayo river and associated flood plain","1",FALSE,"na","na",TRUE,"0","1","na","1","1","na","1","1","0","na","1","1","1","1","0","0","1","0","0","na",4,"1984","na","na","na","na","na","na","na","1 to 12","na","na",1,"0",0,"0","0","0","1","na","na","1","1","na","na","na","na","na","na",FALSE,TRUE
102,"kent",64,FALSE,NA,"paiche","Arapaima gigas","na","na","na","na","na","na","na","na","na","freshwater & diadromous","na","na","na","carnivore","na","10-100","100","1","0","1","1",FALSE,"0","0","0","na","na","na","peru","29248943","1.03",1.54e+11,"1782403595","0.01161175","0","0.068769667","0.085","0.723","9",-0.929119834,-0.655643681,"108","3.7",TRUE,"itq, turf","1","0","0",FALSE,TRUE,TRUE,"0","1","1","1","1","1","1","1","1","1","na","na","na","artisanal","artisanal","subsistence/local market","local market/subsistence","high","reserva communal tamishiyacu-tahuayo","1",FALSE,"na","na",TRUE,"0","1","na","1","1","1","1","1","0","na","1","1","1","1","0","0","1","0","0","na",10,"1984","na","na","na","na","na","na","na","1 to 12","na","na",1,"0",0,"0","0","0","1","na","na","1","1","na","na","na","na","na","na",FALSE,FALSE
103,"kent",65,FALSE,NA,"pejerrey","Odontesthes bonaerensis","na","na","na","na","na","na","na","na","na","freshwater & diadromous","freshwater","na","freshwater","omnivore","na","100-1000","1000","1","na","0","0",FALSE,"0","0","0","na","na","na","peru","29248943","1.03",1.54e+11,"1782403595","0.01161175","0","0.068769667","0.085","0.723","9",-0.929119834,-0.655643681,"108","3.7",TRUE,"itq, turf","1","0","0",FALSE,TRUE,TRUE,"0","1","1","1","1","1","1","1","1","1","na","na","na","gillnet/entangling net","gillnet","subsistence/local market","local market/subsistence","na","lake titicaca","1",TRUE,"na","na",TRUE,"1","0","0","1","1","1","0","1","0","na","1","0","1","0","0","na","0","0","0","na",10,NA,"na","na","20","20","na","na","na","1 to 12","na","na",3,"0",0,"0","0","1","0","na","0","0","0","0","0","0","0","0","0",FALSE,TRUE
104,"kent",65,FALSE,NA,"na","Orestias agassii","na","na","na","na","na","na","na","na","na","freshwater & diadromous","freshwater","na","freshwater","omnivore","na","10-100","100","na","na","0","0",FALSE,"0","0","0","na","na","na","peru","29248943","1.03",1.54e+11,"1782403595","0.01161175","0","0.068769667","0.085","0.723","9",-0.929119834,-0.655643681,"108","3.7",TRUE,"itq, turf","1","0","0",FALSE,TRUE,TRUE,"0","1","1","1","1","1","1","1","1","1","na","na","na","gillnet/entangling net","gillnet","subsistence/local market","local market/subsistence","na","lake titicaca","1",TRUE,"na","na",TRUE,"1","0","0","1","1","0","0","1","0","na","1","0","1","0","0","na","0","0","0","na",5,NA,"na","na","20","20","na","na","na","1 to 12","na","na",3,"0",0,"0","0","1","0","na","0","0","0","0","0","0","0","0","0",FALSE,FALSE
105,"kent",65,FALSE,NA,"ipsi","Orestias ipsi","na","na","na","na","na","na","na","na","na","freshwater & diadromous","freshwater","na","freshwater","omnivore","na","100-1000","1000","na","1","0","0",FALSE,"0","0","0","na","na","na","peru","29248943","1.03",1.54e+11,"1782403595","0.01161175","0","0.068769667","0.085","0.723","9",-0.929119834,-0.655643681,"108","3.7",TRUE,"itq, turf","1","0","0",FALSE,TRUE,TRUE,"0","1","1","1","1","1","1","1","1","1","na","na","na","gillnet/entangling net","gillnet","subsistence/local market","local market/subsistence","na","lake titicaca","1",TRUE,"na","na",TRUE,"1","0","0","1","1","0","0","1","0","na","1","0","1","0","0","na","0","0","0","na",5,NA,"na","na","20","20","na","na","na","1 to 12","na","na",3,"0",0,"0","0","1","0","na","0","0","0","0","0","0","0","0","0",FALSE,FALSE
106,"micah",66,FALSE,1,"black clam","Villorita cyprinoides","na","na","na","na","na","na","na","na","na","molluscs","benthic","na","estruarine","filter feeder","high","1-10","10","0","1","0","0",FALSE,"0","0","0","1","na","0","india","1189172906","1.34",1.43e+12,"3065580546","0.002143763","0","1.662514779","0.296","0.519","9",-1.187927632,0.049102192,"182","3.4",TRUE,"na","0","0","0",FALSE,TRUE,FALSE,"0","1","0","1","0","1","1","0","0","0","50-60 (meat), 1350-1500 (shells)","rs/kg -meat; rs/tonne-shell","low","artisanal","artisanal","meat-subsistence/ shell-local","subsistence","na","24000 km^2","0",FALSE,"na","na",TRUE,"1","0","1","1","1","0","0","0","0","0","0","0","0","0","1","0","0","0","0","1",5,"1949","1445","1445","4533","4533","43958","tonnes","43958","8--5","0","0",1,"0",0,"0","0","0","1","na","0","1","1","0","0","1","0","0","0",FALSE,TRUE
107,"micah",67,TRUE,2,"tilapia","Oreochromis shiranus","na","na","na","na","na","na","na","na","na","freshwater","benthopelagic","na","lake","detritivore","medium","10-100","100","0","0","1","1",FALSE,"0","0","0","1","na","0","malawi","15879252","2.76",5.035e+09,"na","na","0","na","0.384","0.385","6",-0.058973646,-0.191768917,"142","3.3",FALSE,"na","0","0","0",FALSE,FALSE,FALSE,"1","0","0","0","0","1","0","1","0","0","87","mk/kg","low","artisanal","artisanal","local market/subsistance","local market","na","aby lagoon","1",TRUE,"na","na",TRUE,"1","1","0","0","1","1","0","1","1","0","1","1","0","0","0","0","1","0","0","0",4,"1997","na","na","na","na","na","na","na","1--12","0","0",2,"0",0,"0","0","0","1","na","0","1","1","0","0","1","0","0","0",FALSE,TRUE
108,"micah",67,TRUE,2,"straightfin barb","Na","na","na","na","na","na","na","na","na","na","freshwater","benthopelagic","na","lake","omnivore","high","10-100","100","0","0","0","0",FALSE,"0","0","0","1","na","0","malawi","15879252","2.76",5.035e+09,"na","na","0","na","0.384","0.385","6",-0.058973646,-0.191768917,"142","3.3",FALSE,"na","0","0","0",FALSE,FALSE,FALSE,"1","0","0","0","0","1","0","1","0","0","37","mk/kg","low","artisanal","artisanal","local market/subsistance","local market","na","aby lagoon","1",TRUE,"na","na",TRUE,"1","1","0","0","1","0","0","1","0","0","1","1","0","0","0","0","1","0","0","0",6,"1997","na","na","na","na","na","na","na","1--12","0","0",2,"0",0,"0","0","0","1","na","0","1","1","0","0","1","0","0","0",FALSE,FALSE
109,"micah",68,FALSE,1,"bonga","Ethmalosa fimbriata","na","na","na","na","na","na","na","na","na","molluscs","pelagic-neritic","na","lagoon","planktivore","medium","10-100","100","1","0","0","0",FALSE,"0","0","0","1","na","0","cote d'ivoire","21504162","2.08",2.238e+10,"65598403.26","0.002931117","0","1.782722008","0.32","0.397","0",-1.52873426,-1.332152418,"127","2.1",FALSE,"na","0","0","0",FALSE,FALSE,FALSE,"1","0","0","0","0","0","0","0","0","0","110","cfa franc/kg","low","artisanal","artisanal","local market","local market","na","424 km ^2","0",FALSE,"na","na",TRUE,"0","1","0","0","0","0","0","1","0","0","1","0","1","1","0","0","1","0","0","0",5,"1995","na","na","na","na","na","na","na","1--12","0","0",0,"0",0,"0","na","na","na","na","0","0","0","0","0","0","0","0","0",FALSE,TRUE
110,"micah",69,TRUE,2,"dover sole","Solea solea","0.180000007","medium","70","demersal","oceanodromous","very high","reliable: based on ex-vessel price for this species","subtropical","3.13","finfish-benthic","subtidal soft bottom","na","subtidal soft bottom","invertivore","medium","10-100","100","1","1","1","1",FALSE,"1","0","0","1","35","1","netherlands","16847007","0.37",7.7e+11,"469598453.6","0.000609631","0","0.080953023","na","0.89","10",0.946777616,1.781047319,"30","8.9",TRUE,"na","1","1","1",FALSE,FALSE,TRUE,"0","1","1","1","0","1","0","1","0","0","17.07","euros/kg","medium","trawl","trawl","local market/export","local market/export","na","north sea, south of 55 degreesn, outside of 12 mile zone closest to shore","1",TRUE,"na","na",TRUE,"1","0","1","0","1","0","0","0","0","0","0","1","0","0","0","0","0","0","0","0",5,"1993","363","363","1694","1694","18430","tonnes biomass","18430","0","0","1",0,"1",0,"0","na","na","na","na","0","1","1","1","0","0","0","1","1",TRUE,TRUE
111,"micah",69,TRUE,2,"plaice","Pleuronectes platessa","0.122000001","low","100","demersal","oceanodromous","medium","reliable: based on ex-vessel price for this species","temperate","3.26","finfish-benthic","subtidal soft bottom","na","subtidal soft bottom","invertivore","medium","10-100","100","1","1","1","1",FALSE,"1","0","0","1","100","1","netherlands","16847007","0.37",7.7e+11,"469598453.6","0.000609631","0","0.080953023","na","0.89","10",0.946777616,1.781047319,"30","8.9",TRUE,"na","1","1","1",FALSE,FALSE,TRUE,"0","1","1","1","0","1","0","1","1","0","1.59","euros/kg","low","trawl","trawl","local market/export","local market/export","na","north sea, both north and south of 55 degrees n, outside of 12 miles closest to shore","1",TRUE,"na","na",TRUE,"1","0","1","0","1","1","0","0","0","0","0","1","0","0","0","0","0","0","0","0",3,"1993","363","363","1694","1694","59170","tonnes biomass","59170","0","0","1",0,"1",0,"0","na","na","na","na","0","1","1","1","0","0","0","1","1",TRUE,FALSE
112,"micah",70,TRUE,3,"nile perch","Lates niloticus","na","na","na","na","na","na","na","na","na","freshwater & diadromous","lake","na","lake","carnivore","medium","10-100","100","1","0","0","0",FALSE,"1","0","0","0","na","0","tanzania","42746620","2",2.243e+10,"46463425.01","0.002071486","0","0.200163532","0.367","0.398","-1",0.082915831,-0.438751105,"32","2.6",FALSE,"na","0","0","0",FALSE,FALSE,FALSE,"1","0","0","0","0","0","0","1","0","0","1.99","dollars/kg","low","gillnet","gillnet","export","export","na","lake victoria, likely limited to tanzania side","0",FALSE,"na","na",TRUE,"1","1","0","0","1","1","0","0","0","1","1","0","0","1","0","0","0","0","0","0",3,"1998","54010","54010","159393","159393","~800000","tonnes biomass","800000","0","0","1",0,"0",0,"0","na","na","na","na","0","1","1","1","0","0","0","1","0",FALSE,TRUE
113,"micah",70,TRUE,3,"dagaa","Rastrineobola argentea","na","na","na","na","na","na","na","na","na","freshwater & diadromous","lake","na","lake","planktivore","high","10-100","100","1","1","0","0",FALSE,"1","0","0","1","na","0","tanzania","42746620","2",2.243e+10,"46463425.01","0.002071486","0","0.200163532","0.367","0.398","-1",0.082915831,-0.438751105,"32","2.6",FALSE,"na","0","0","0",FALSE,FALSE,FALSE,"1","0","0","0","0","0","0","1","0","0","0.9","dollars/kg","low","seine","seine","local market/export","local market/export","na","lake victoria, likely limited to tanzania side","0",FALSE,"na","na",TRUE,"1","1","0","0","1","0","0","0","0","1","1","0","0","1","0","0","0","0","0","0",4,"1998","54010","54010","159393","159393","~800000","tonnes biomass","800000","0","0","1",0,"0",0,"0","na","na","na","na","0","1","1","1","0","0","0","1","0",FALSE,FALSE
114,"micah",70,TRUE,3,"nile tilapia","Oreochromis niloticus","na","na","na","na","na","na","na","na","na","freshwater & diadromous","lake","na","lake","omnivore","medium","10-100","100","0","1","0","0",FALSE,"1","0","0","1","medium","0","tanzania","42746620","2",2.243e+10,"46463425.01","0.002071486","0","0.200163532","0.367","0.398","-1",0.082915831,-0.438751105,"32","2.6",FALSE,"na","0","0","0",FALSE,FALSE,FALSE,"1","0","0","0","0","0","0","1","0","0","1.63","dollars/kg","low","gillnet","gillnet","local market","local market","na","lake victoria, likely limited to tanzania side","0",FALSE,"na","na",TRUE,"1","1","0","0","1","0","0","0","0","1","1","0","0","1","0","0","0","0","0","0",4,"1998","54010","54010","159393","159393","~800000","tonnes biomass","800000","0","0","1",0,"0",0,"0","na","na","na","na","0","1","1","1","0","0","0","1","0",FALSE,FALSE
115,"micah",71,FALSE,0,"snow crab","Chionoecetes opilio","na","na","na","na","na","na","na","na","na","crustaceans","soft shelf","na","soft shelf","invertivore","low","1-10","10","1","1","0","0",FALSE,"1","0","0","1","120","1","canada","34030589","0.79",1.56e+12,"3700604749","0.002366116","0","0.147166086","na","0.888","10",1.015461068,1.779242578,"58","8.7",TRUE,"na","1","0","0",FALSE,TRUE,FALSE,"0","1","1","1","0","1","1","0","0","1","1.85","canadian dollars/lb","low","trap","trap","export","export","na","large","0",FALSE,"na","na",TRUE,"1","1","1","0","1","0","0","0","0","0","0","0","0","0","0","0","0","0","0","1",4,"2005","na","na","725","725","~5000","tonnes biomass","5000","4--6","0","1",0,"1",0,"0","na","na","na","na","1","1","1","1","0","0","0","1","0",TRUE,TRUE
